date,signal,rank_ic,n
2016-07-31,composite,0.7714285714285715,6
2016-07-31,momentum_z,0.6,6
2016-07-31,low_volatility_z,0.5428571428571429,6
2016-07-31,profitability_z,0.6,6
2016-07-31,growth_z,-0.2571428571428572,6
2016-08-31,composite,-0.6,6
2016-08-31,momentum_z,-0.3714285714285715,6
2016-08-31,low_volatility_z,-0.5428571428571429,6
2016-08-31,profitability_z,-0.4285714285714286,6
2016-08-31,growth_z,0.3142857142857143,6
2016-09-30,composite,-0.2571428571428572,6
2016-09-30,momentum_z,-0.6,6
2016-09-30,low_volatility_z,0.028571428571428574,6
2016-09-30,profitability_z,0.028571428571428574,6
2016-09-30,growth_z,-0.48571428571428577,6
2016-10-31,composite,0.48571428571428577,6
2016-10-31,momentum_z,0.48571428571428577,6
2016-10-31,low_volatility_z,0.028571428571428574,6
2016-10-31,profitability_z,0.028571428571428574,6
2016-10-31,growth_z,0.3714285714285715,6
2016-11-30,composite,0.3142857142857143,6
2016-11-30,momentum_z,-0.028571428571428574,6
2016-11-30,low_volatility_z,0.6,6
2016-11-30,profitability_z,0.6,6
2016-11-30,growth_z,-0.8857142857142858,6
2016-12-31,composite,-0.5428571428571429,6
2016-12-31,momentum_z,-0.48571428571428577,6
2016-12-31,low_volatility_z,-0.2571428571428572,6
2016-12-31,profitability_z,-0.4285714285714286,6
2016-12-31,growth_z,0.14285714285714288,6
2017-01-31,composite,0.14285714285714288,6
2017-01-31,momentum_z,0.08571428571428573,6
2017-01-31,low_volatility_z,0.08571428571428573,6
2017-01-31,profitability_z,0.08571428571428573,6
2017-01-31,growth_z,-0.08571428571428573,6
2017-02-28,composite,0.7714285714285715,6
2017-02-28,momentum_z,0.14285714285714288,6
2017-02-28,low_volatility_z,0.7142857142857143,6
2017-02-28,profitability_z,0.6,6
2017-02-28,growth_z,-0.3714285714285715,6
2017-03-31,composite,-0.2571428571428572,6
2017-03-31,momentum_z,0.2571428571428572,6
2017-03-31,low_volatility_z,-0.8285714285714287,6
2017-03-31,profitability_z,-0.8857142857142858,6
2017-03-31,growth_z,1.0,6
2017-04-30,composite,-0.028571428571428574,6
2017-04-30,momentum_z,0.4285714285714286,6
2017-04-30,low_volatility_z,-0.4285714285714286,6
2017-04-30,profitability_z,-0.2571428571428572,6
2017-04-30,growth_z,0.3714285714285715,6
2017-05-31,composite,0.2,6
2017-05-31,momentum_z,-0.4285714285714286,6
2017-05-31,low_volatility_z,0.6,6
2017-05-31,profitability_z,0.14285714285714288,6
2017-05-31,growth_z,-0.2571428571428572,6
2017-06-30,composite,-0.8285714285714287,6
2017-06-30,momentum_z,-0.14285714285714288,6
2017-06-30,low_volatility_z,-0.7714285714285715,6
2017-06-30,profitability_z,-0.8857142857142858,6
2017-06-30,growth_z,0.7142857142857143,6
2017-07-31,composite,-0.3714285714285715,6
2017-07-31,momentum_z,-0.3142857142857143,6
2017-07-31,low_volatility_z,0.028571428571428574,6
2017-07-31,profitability_z,-0.2571428571428572,6
2017-07-31,growth_z,-0.2,6
2017-08-31,composite,-0.08571428571428573,6
2017-08-31,momentum_z,-0.2571428571428572,6
2017-08-31,low_volatility_z,0.3714285714285715,6
2017-08-31,profitability_z,-0.4285714285714286,6
2017-08-31,growth_z,0.5428571428571429,6
2017-09-30,composite,0.7714285714285715,6
2017-09-30,momentum_z,0.4285714285714286,6
2017-09-30,low_volatility_z,0.7142857142857143,6
2017-09-30,profitability_z,0.7142857142857143,6
2017-09-30,growth_z,-0.942857142857143,6
2017-10-31,composite,0.3714285714285715,6
2017-10-31,momentum_z,0.14285714285714288,6
2017-10-31,low_volatility_z,0.8285714285714287,6
2017-10-31,profitability_z,0.942857142857143,6
2017-10-31,growth_z,-0.8285714285714287,6
2017-11-30,composite,0.2,6
2017-11-30,momentum_z,0.3714285714285715,6
2017-11-30,low_volatility_z,-0.08571428571428573,6
2017-11-30,profitability_z,-0.7714285714285715,6
2017-11-30,growth_z,0.6571428571428573,6
2017-12-31,composite,-0.3714285714285715,6
2017-12-31,momentum_z,0.028571428571428574,6
2017-12-31,low_volatility_z,-0.2571428571428572,6
2017-12-31,profitability_z,-0.2,6
2017-12-31,growth_z,-0.2571428571428572,6
2018-01-31,composite,0.2571428571428572,6
2018-01-31,momentum_z,0.48571428571428577,6
2018-01-31,low_volatility_z,-0.6,6
2018-01-31,profitability_z,-0.3142857142857143,6
2018-01-31,growth_z,0.8857142857142858,6
2018-02-28,composite,0.028571428571428574,6
2018-02-28,momentum_z,0.14285714285714288,6
2018-02-28,low_volatility_z,-0.2571428571428572,6
2018-02-28,profitability_z,0.6571428571428573,6
2018-02-28,growth_z,-0.48571428571428577,6
2018-03-31,composite,0.2,6
2018-03-31,momentum_z,0.14285714285714288,6
2018-03-31,low_volatility_z,0.942857142857143,6
2018-03-31,profitability_z,0.2571428571428572,6
2018-03-31,growth_z,-0.5428571428571429,6
2018-04-30,composite,0.6,6
2018-04-30,momentum_z,0.3714285714285715,6
2018-04-30,low_volatility_z,-0.4285714285714286,6
2018-04-30,profitability_z,0.3714285714285715,6
2018-04-30,growth_z,0.14285714285714288,6
2018-05-31,composite,0.028571428571428574,6
2018-05-31,momentum_z,-0.14285714285714288,6
2018-05-31,low_volatility_z,0.08571428571428573,6
2018-05-31,profitability_z,0.3142857142857143,6
2018-05-31,growth_z,-0.2,6
2018-06-30,composite,-0.028571428571428574,6
2018-06-30,momentum_z,-0.08571428571428573,6
2018-06-30,low_volatility_z,0.6,6
2018-06-30,profitability_z,-0.5428571428571429,6
2018-06-30,growth_z,0.14285714285714288,6
2018-07-31,composite,-0.4285714285714286,6
2018-07-31,momentum_z,-0.5428571428571429,6
2018-07-31,low_volatility_z,-0.7714285714285715,6
2018-07-31,profitability_z,-0.3714285714285715,6
2018-07-31,growth_z,0.48571428571428577,6
2018-08-31,composite,0.2,6
2018-08-31,momentum_z,0.48571428571428577,6
2018-08-31,low_volatility_z,-0.4285714285714286,6
2018-08-31,profitability_z,0.48571428571428577,6
2018-08-31,growth_z,0.08571428571428573,6
2018-09-30,composite,-0.14285714285714288,6
2018-09-30,momentum_z,-0.48571428571428577,6
2018-09-30,low_volatility_z,0.2571428571428572,6
2018-09-30,profitability_z,-0.6,6
2018-09-30,growth_z,0.3714285714285715,6
2018-10-31,composite,-0.48571428571428577,6
2018-10-31,momentum_z,0.08571428571428573,6
2018-10-31,low_volatility_z,-0.5428571428571429,6
2018-10-31,profitability_z,-0.48571428571428577,6
2018-10-31,growth_z,0.3142857142857143,6
2018-11-30,composite,-0.03571428571428572,7
2018-11-30,momentum_z,0.03571428571428572,7
2018-11-30,low_volatility_z,-0.42857142857142866,7
2018-11-30,profitability_z,-0.7857142857142859,7
2018-11-30,growth_z,0.7500000000000002,7
2018-12-31,composite,-0.3214285714285715,7
2018-12-31,momentum_z,-0.07142857142857144,7
2018-12-31,low_volatility_z,0.10714285714285716,7
2018-12-31,profitability_z,-0.1785714285714286,7
2018-12-31,growth_z,0.21428571428571433,7
2019-01-31,composite,0.10714285714285716,7
2019-01-31,momentum_z,0.6785714285714287,7
2019-01-31,low_volatility_z,-0.4642857142857144,7
2019-01-31,profitability_z,-0.7500000000000002,7
2019-01-31,growth_z,0.8571428571428573,7
2019-02-28,composite,0.3571428571428572,7
2019-02-28,momentum_z,0.5714285714285715,7
2019-02-28,low_volatility_z,-0.5714285714285715,7
2019-02-28,profitability_z,-0.10714285714285716,7
2019-02-28,growth_z,0.3571428571428572,7
2019-03-31,composite,-0.1785714285714286,7
2019-03-31,momentum_z,-0.10714285714285716,7
2019-03-31,low_volatility_z,0.10714285714285716,7
2019-03-31,profitability_z,0.3571428571428572,7
2019-03-31,growth_z,-0.28571428571428575,7
2019-04-30,composite,-0.2142857142857143,8
2019-04-30,momentum_z,0.8095238095238096,8
2019-04-30,low_volatility_z,-0.880952380952381,8
2019-04-30,profitability_z,-0.4047619047619048,8
2019-04-30,growth_z,0.2142857142857143,8
2019-05-31,composite,0.4761904761904762,8
2019-05-31,momentum_z,0.4047619047619048,8
2019-05-31,low_volatility_z,-0.38095238095238104,8
2019-05-31,profitability_z,-0.09523809523809526,8
2019-05-31,growth_z,0.30952380952380953,8
2019-06-30,composite,-0.30952380952380953,8
2019-06-30,momentum_z,-0.19047619047619052,8
2019-06-30,low_volatility_z,-0.14285714285714288,8
2019-06-30,profitability_z,0.19047619047619052,8
2019-06-30,growth_z,-0.19047619047619052,8
2019-07-31,composite,-0.3571428571428572,8
2019-07-31,momentum_z,-0.2142857142857143,8
2019-07-31,low_volatility_z,0.19047619047619052,8
2019-07-31,profitability_z,0.07142857142857144,8
2019-07-31,growth_z,-0.04761904761904763,8
2019-08-31,composite,0.023809523809523815,8
2019-08-31,momentum_z,-0.38095238095238104,8
2019-08-31,low_volatility_z,0.6190476190476191,8
2019-08-31,profitability_z,0.6428571428571429,8
2019-08-31,growth_z,-0.6428571428571429,8
2019-09-30,composite,-0.4285714285714286,8
2019-09-30,momentum_z,-0.19047619047619052,8
2019-09-30,low_volatility_z,0.14285714285714288,8
2019-09-30,profitability_z,-0.19047619047619052,8
2019-09-30,growth_z,0.19047619047619052,8
2019-10-31,composite,0.023809523809523815,8
2019-10-31,momentum_z,0.523809523809524,8
2019-10-31,low_volatility_z,-0.4285714285714286,8
2019-10-31,profitability_z,-0.4761904761904762,8
2019-10-31,growth_z,0.523809523809524,8
2019-11-30,composite,0.30952380952380953,8
2019-11-30,momentum_z,-0.4523809523809524,8
2019-11-30,low_volatility_z,0.6904761904761906,8
2019-11-30,profitability_z,0.7857142857142858,8
2019-11-30,growth_z,-0.5714285714285715,8
2019-12-31,composite,-0.4285714285714286,8
2019-12-31,momentum_z,0.19047619047619052,8
2019-12-31,low_volatility_z,-0.7857142857142858,8
2019-12-31,profitability_z,-0.880952380952381,8
2019-12-31,growth_z,0.9285714285714287,8
2020-01-31,composite,0.523809523809524,8
2020-01-31,momentum_z,0.14285714285714288,8
2020-01-31,low_volatility_z,0.3333333333333334,8
2020-01-31,profitability_z,0.6428571428571429,8
2020-01-31,growth_z,-0.6190476190476191,8
2020-02-29,composite,0.5000000000000001,8
2020-02-29,momentum_z,0.523809523809524,8
2020-02-29,low_volatility_z,-0.1666666666666667,8
2020-02-29,profitability_z,0.2380952380952381,8
2020-02-29,growth_z,0.1666666666666667,8
2020-03-31,composite,0.2380952380952381,8
2020-03-31,momentum_z,0.4761904761904762,8
2020-03-31,low_volatility_z,-0.11904761904761905,8
2020-03-31,profitability_z,-0.07142857142857144,8
2020-03-31,growth_z,0.11904761904761905,8
2020-04-30,composite,-0.5952380952380953,8
2020-04-30,momentum_z,-0.28571428571428575,8
2020-04-30,low_volatility_z,-0.8571428571428572,8
2020-04-30,profitability_z,-0.8095238095238096,8
2020-04-30,growth_z,0.9285714285714287,8
2020-05-31,composite,0.11904761904761905,8
2020-05-31,momentum_z,0.023809523809523815,8
2020-05-31,low_volatility_z,0.1666666666666667,8
2020-05-31,profitability_z,0.5952380952380953,8
2020-05-31,growth_z,-0.523809523809524,8
2020-06-30,composite,0.09523809523809526,8
2020-06-30,momentum_z,0.2142857142857143,8
2020-06-30,low_volatility_z,-0.1666666666666667,8
2020-06-30,profitability_z,0.4285714285714286,8
2020-06-30,growth_z,-0.14285714285714288,8
2020-07-31,composite,-0.5,9
2020-07-31,momentum_z,-0.75,9
2020-07-31,low_volatility_z,0.3,9
2020-07-31,profitability_z,-0.049999999999999996,9
2020-07-31,growth_z,-0.33333333333333337,9
2020-08-31,composite,0.3,9
2020-08-31,momentum_z,0.5333333333333333,9
2020-08-31,low_volatility_z,-0.38333333333333336,9
2020-08-31,profitability_z,-0.21666666666666667,9
2020-08-31,growth_z,0.6166666666666666,9
2020-09-30,composite,-0.5666666666666667,9
2020-09-30,momentum_z,0.049999999999999996,9
2020-09-30,low_volatility_z,-0.16666666666666669,9
2020-09-30,profitability_z,-0.16666666666666669,9
2020-09-30,growth_z,0.16666666666666669,9
2020-10-31,composite,-0.11818181818181818,11
2020-10-31,momentum_z,0.39090909090909093,11
2020-10-31,low_volatility_z,-0.36363636363636365,11
2020-10-31,profitability_z,-0.790909090909091,11
2020-10-31,growth_z,0.6727272727272727,11
2020-11-30,composite,0.03636363636363637,11
2020-11-30,momentum_z,0.10000000000000002,11
2020-11-30,low_volatility_z,-0.20000000000000004,11
2020-11-30,profitability_z,-0.5454545454545455,11
2020-11-30,growth_z,0.5454545454545455,11
2020-12-31,composite,0.26363636363636367,11
2020-12-31,momentum_z,0.4090909090909091,11
2020-12-31,low_volatility_z,-0.4000000000000001,11
2020-12-31,profitability_z,-0.30000000000000004,11
2020-12-31,growth_z,0.5636363636363637,11
2021-01-31,composite,-0.27272727272727276,11
2021-01-31,momentum_z,0.09090909090909091,11
2021-01-31,low_volatility_z,-0.14545454545454548,11
2021-01-31,profitability_z,-0.15454545454545454,11
2021-01-31,growth_z,-0.29090909090909095,11
2021-02-28,composite,-0.21818181818181823,11
2021-02-28,momentum_z,-0.790909090909091,11
2021-02-28,low_volatility_z,0.4727272727272727,11
2021-02-28,profitability_z,0.5,11
2021-02-28,growth_z,-0.7454545454545456,11
2021-03-31,composite,-0.018181818181818184,11
2021-03-31,momentum_z,0.6545454545454547,11
2021-03-31,low_volatility_z,-0.33636363636363636,11
2021-03-31,profitability_z,-0.6181818181818182,11
2021-03-31,growth_z,0.44545454545454555,11
2021-04-30,composite,0.46363636363636374,11
2021-04-30,momentum_z,0.10000000000000002,11
2021-04-30,low_volatility_z,-0.3272727272727273,11
2021-04-30,profitability_z,-0.018181818181818184,11
2021-04-30,growth_z,0.5272727272727273,11
2021-05-31,composite,0.06363636363636364,11
2021-05-31,momentum_z,0.03636363636363637,11
2021-05-31,low_volatility_z,-0.23636363636363636,11
2021-05-31,profitability_z,-0.27272727272727276,11
2021-05-31,growth_z,-0.1272727272727273,11
2021-06-30,composite,0.3727272727272728,11
2021-06-30,momentum_z,0.14545454545454548,11
2021-06-30,low_volatility_z,0.16363636363636366,11
2021-06-30,profitability_z,-0.045454545454545456,11
2021-06-30,growth_z,0.38181818181818183,11
2021-07-31,composite,-0.06363636363636364,11
2021-07-31,momentum_z,-0.018181818181818184,11
2021-07-31,low_volatility_z,-0.13636363636363638,11
2021-07-31,profitability_z,-0.15454545454545454,11
2021-07-31,growth_z,0.24545454545454545,11
2021-08-31,composite,-0.4000000000000001,11
2021-08-31,momentum_z,0.07272727272727274,11
2021-08-31,low_volatility_z,-0.39090909090909093,11
2021-08-31,profitability_z,-0.3181818181818182,11
2021-08-31,growth_z,0.3090909090909091,11
2021-09-30,composite,-0.24545454545454545,11
2021-09-30,momentum_z,0.7363636363636363,11
2021-09-30,low_volatility_z,-0.690909090909091,11
2021-09-30,profitability_z,-0.5272727272727273,11
2021-09-30,growth_z,0.29090909090909095,11
2021-10-31,composite,-0.04195804195804196,12
2021-10-31,momentum_z,0.4055944055944056,12
2021-10-31,low_volatility_z,-0.3636363636363637,12
2021-10-31,profitability_z,-0.11188811188811189,12
2021-10-31,growth_z,-0.027972027972027972,12
2021-11-30,composite,-0.08391608391608392,12
2021-11-30,momentum_z,-0.31468531468531474,12
2021-11-30,low_volatility_z,0.1398601398601399,12
2021-11-30,profitability_z,-0.18181818181818185,12
2021-11-30,growth_z,0.1958041958041958,12
2021-12-31,composite,0.41958041958041964,12
2021-12-31,momentum_z,-0.6853146853146854,12
2021-12-31,low_volatility_z,0.7692307692307694,12
2021-12-31,profitability_z,0.7482517482517484,12
2021-12-31,growth_z,-0.49650349650349657,12
2022-01-31,composite,-0.02097902097902098,12
2022-01-31,momentum_z,0.3216783216783217,12
2022-01-31,low_volatility_z,-0.4825174825174825,12
2022-01-31,profitability_z,-0.27272727272727276,12
2022-01-31,growth_z,0.6433566433566434,12
2022-02-28,composite,-0.30069930069930073,12
2022-02-28,momentum_z,-0.08391608391608392,12
2022-02-28,low_volatility_z,-0.25874125874125875,12
2022-02-28,profitability_z,-0.18181818181818185,12
2022-02-28,growth_z,-0.04195804195804196,12
2022-03-31,composite,0.18881118881118883,12
2022-03-31,momentum_z,-0.6433566433566434,12
2022-03-31,low_volatility_z,0.3846153846153847,12
2022-03-31,profitability_z,0.5524475524475525,12
2022-03-31,growth_z,-0.4755244755244756,12
2022-04-30,composite,0.4125874125874127,12
2022-04-30,momentum_z,-0.6503496503496504,12
2022-04-30,low_volatility_z,0.5734265734265735,12
2022-04-30,profitability_z,0.8811188811188813,12
2022-04-30,growth_z,-0.5944055944055945,12
2022-05-31,composite,0.2027972027972028,12
2022-05-31,momentum_z,-0.30069930069930073,12
2022-05-31,low_volatility_z,0.3076923076923077,12
2022-05-31,profitability_z,-0.1188811188811189,12
2022-05-31,growth_z,0.2027972027972028,12
2022-06-30,composite,-0.41958041958041964,12
2022-06-30,momentum_z,-0.3216783216783217,12
2022-06-30,low_volatility_z,-0.06993006993006995,12
2022-06-30,profitability_z,-0.02097902097902098,12
2022-06-30,growth_z,-0.2447552447552448,12
2022-07-31,composite,-0.6923076923076924,12
2022-07-31,momentum_z,-0.4685314685314686,12
2022-07-31,low_volatility_z,-0.8041958041958043,12
2022-07-31,profitability_z,-0.7342657342657343,12
2022-07-31,growth_z,0.4895104895104896,12
2022-08-31,composite,-0.2447552447552448,12
2022-08-31,momentum_z,-0.3846153846153847,12
2022-08-31,low_volatility_z,0.027972027972027972,12
2022-08-31,profitability_z,-0.34965034965034975,12
2022-08-31,growth_z,0.30069930069930073,12
2022-09-30,composite,0.02097902097902098,12
2022-09-30,momentum_z,-0.3076923076923077,12
2022-09-30,low_volatility_z,0.6223776223776225,12
2022-09-30,profitability_z,0.7832167832167832,12
2022-09-30,growth_z,-0.6503496503496504,12
2022-10-31,composite,0.04895104895104895,12
2022-10-31,momentum_z,-0.02097902097902098,12
2022-10-31,low_volatility_z,0.5944055944055945,12
2022-10-31,profitability_z,0.7972027972027973,12
2022-10-31,growth_z,-0.6783216783216784,12
2022-11-30,composite,-0.43356643356643365,12
2022-11-30,momentum_z,-0.32867132867132864,12
2022-11-30,low_volatility_z,-0.46153846153846156,12
2022-11-30,profitability_z,-0.30069930069930073,12
2022-11-30,growth_z,0.006993006993006993,12
2022-12-31,composite,-0.18181818181818185,12
2022-12-31,momentum_z,0.034965034965034975,12
2022-12-31,low_volatility_z,0.15384615384615385,12
2022-12-31,profitability_z,0.09090909090909093,12
2022-12-31,growth_z,-0.25874125874125875,12
2023-01-31,composite,-0.44755244755244755,12
2023-01-31,momentum_z,-0.5174825174825175,12
2023-01-31,low_volatility_z,-0.32867132867132864,12
2023-01-31,profitability_z,-0.5944055944055945,12
2023-01-31,growth_z,0.5944055944055945,12
2023-02-28,composite,0.2027972027972028,12
2023-02-28,momentum_z,0.6853146853146854,12
2023-02-28,low_volatility_z,-0.3356643356643357,12
2023-02-28,profitability_z,0.4685314685314686,12
2023-02-28,growth_z,-0.6363636363636365,12
2023-03-31,composite,0.23076923076923078,12
2023-03-31,momentum_z,0.31468531468531474,12
2023-03-31,low_volatility_z,-0.1188811188811189,12
2023-03-31,profitability_z,0.2377622377622378,12
2023-03-31,growth_z,-0.35664335664335667,12
2023-04-30,composite,-0.3636363636363637,12
2023-04-30,momentum_z,-0.6713286713286714,12
2023-04-30,low_volatility_z,0.18881118881118883,12
2023-04-30,profitability_z,-0.41958041958041964,12
2023-04-30,growth_z,0.5594405594405596,12
2023-05-31,composite,-0.006993006993006993,12
2023-05-31,momentum_z,0.006993006993006993,12
2023-05-31,low_volatility_z,0.04195804195804196,12
2023-05-31,profitability_z,0.04895104895104895,12
2023-05-31,growth_z,-0.1958041958041958,12
2023-06-30,composite,-0.06293706293706294,12
2023-06-30,momentum_z,-0.14685314685314685,12
2023-06-30,low_volatility_z,-0.41958041958041964,12
2023-06-30,profitability_z,0.4265734265734266,12
2023-06-30,growth_z,0.006993006993006993,12
2023-07-31,composite,0.06993006993006995,12
2023-07-31,momentum_z,-0.04195804195804196,12
2023-07-31,low_volatility_z,0.3216783216783217,12
2023-07-31,profitability_z,0.4825174825174825,12
2023-07-31,growth_z,-0.8321678321678322,12
2023-08-31,composite,-0.6643356643356644,12
2023-08-31,momentum_z,-0.8671328671328673,12
2023-08-31,low_volatility_z,-0.22377622377622378,12
2023-08-31,profitability_z,-0.15384615384615385,12
2023-08-31,growth_z,0.4125874125874127,12
2023-09-30,composite,-0.1258741258741259,12
2023-09-30,momentum_z,0.034965034965034975,12
2023-09-30,low_volatility_z,-0.1258741258741259,12
2023-09-30,profitability_z,0.07692307692307693,12
2023-09-30,growth_z,-0.14685314685314685,12
2023-10-31,composite,-0.6643356643356644,12
2023-10-31,momentum_z,-0.5594405594405596,12
2023-10-31,low_volatility_z,-0.27272727272727276,12
2023-10-31,profitability_z,-0.46153846153846156,12
2023-10-31,growth_z,0.6573426573426573,12
2023-11-30,composite,-0.7132867132867133,12
2023-11-30,momentum_z,-0.4545454545454546,12
2023-11-30,low_volatility_z,-0.2797202797202798,12
2023-11-30,profitability_z,-0.2657342657342658,12
2023-11-30,growth_z,0.30069930069930073,12
2023-12-31,composite,0.44755244755244755,12
2023-12-31,momentum_z,0.2447552447552448,12
2023-12-31,low_volatility_z,0.4545454545454546,12
2023-12-31,profitability_z,0.5384615384615385,12
2023-12-31,growth_z,-0.3216783216783217,12
2024-01-31,composite,-0.18181818181818185,12
2024-01-31,momentum_z,0.3846153846153847,12
2024-01-31,low_volatility_z,-0.6713286713286714,12
2024-01-31,profitability_z,-0.31468531468531474,12
2024-01-31,growth_z,0.18881118881118883,12
2024-02-29,composite,0.3216783216783217,12
2024-02-29,momentum_z,-0.2937062937062937,12
2024-02-29,low_volatility_z,0.2517482517482518,12
2024-02-29,profitability_z,0.44755244755244755,12
2024-02-29,growth_z,-0.2937062937062937,12
2024-03-31,composite,0.055944055944055944,12
2024-03-31,momentum_z,0.2447552447552448,12
2024-03-31,low_volatility_z,-0.35664335664335667,12
2024-03-31,profitability_z,-0.4545454545454546,12
2024-03-31,growth_z,0.46153846153846156,12
2024-04-30,composite,0.7272727272727274,12
2024-04-30,momentum_z,0.27272727272727276,12
2024-04-30,low_volatility_z,0.1188811188811189,12
2024-04-30,profitability_z,0.21678321678321683,12
2024-04-30,growth_z,0.06993006993006995,12
2024-05-31,composite,0.3076923076923077,12
2024-05-31,momentum_z,0.4755244755244756,12
2024-05-31,low_volatility_z,-0.16083916083916086,12
2024-05-31,profitability_z,0.14685314685314685,12
2024-05-31,growth_z,-0.07692307692307693,12
2024-06-30,composite,-0.2517482517482518,12
2024-06-30,momentum_z,-0.49650349650349657,12
2024-06-30,low_volatility_z,0.2937062937062937,12
2024-06-30,profitability_z,0.3846153846153847,12
2024-06-30,growth_z,-0.5944055944055945,12
2024-07-31,composite,0.1958041958041958,12
2024-07-31,momentum_z,0.10489510489510491,12
2024-07-31,low_volatility_z,-0.04195804195804196,12
2024-07-31,profitability_z,-0.027972027972027972,12
2024-07-31,growth_z,0.07692307692307693,12
2024-08-31,composite,0.06993006993006995,12
2024-08-31,momentum_z,0.2657342657342658,12
2024-08-31,low_volatility_z,0.1328671328671329,12
2024-08-31,profitability_z,0.013986013986013986,12
2024-08-31,growth_z,0.006993006993006993,12
2024-09-30,composite,-0.04195804195804196,12
2024-09-30,momentum_z,0.5524475524475525,12
2024-09-30,low_volatility_z,-0.4685314685314686,12
2024-09-30,profitability_z,-0.32867132867132864,12
2024-09-30,growth_z,0.44755244755244755,12
2024-10-31,composite,-0.4125874125874127,12
2024-10-31,momentum_z,-0.08391608391608392,12
2024-10-31,low_volatility_z,-0.3076923076923077,12
2024-10-31,profitability_z,-0.8181818181818183,12
2024-10-31,growth_z,0.6713286713286714,12
2024-11-30,composite,0.22377622377622378,12
2024-11-30,momentum_z,0.5664335664335665,12
2024-11-30,low_volatility_z,0.013986013986013986,12
2024-11-30,profitability_z,0.04195804195804196,12
2024-11-30,growth_z,-0.22377622377622378,12
2024-12-31,composite,-0.5944055944055945,12
2024-12-31,momentum_z,-0.2797202797202798,12
2024-12-31,low_volatility_z,-0.8321678321678322,12
2024-12-31,profitability_z,-0.8321678321678322,12
2024-12-31,growth_z,0.7062937062937064,12
2025-01-31,composite,-0.5874125874125874,12
2025-01-31,momentum_z,-0.30069930069930073,12
2025-01-31,low_volatility_z,-0.4895104895104896,12
2025-01-31,profitability_z,-0.2027972027972028,12
2025-01-31,growth_z,0.23076923076923078,12
2025-02-28,composite,0.25874125874125875,12
2025-02-28,momentum_z,-0.1258741258741259,12
2025-02-28,low_volatility_z,0.4055944055944056,12
2025-02-28,profitability_z,0.6083916083916086,12
2025-02-28,growth_z,-0.18881118881118883,12
2025-03-31,composite,0.6363636363636365,12
2025-03-31,momentum_z,0.8111888111888113,12
2025-03-31,low_volatility_z,-0.20979020979020982,12
2025-03-31,profitability_z,-0.37762237762237766,12
2025-03-31,growth_z,0.6783216783216784,12
2025-04-30,composite,0.06993006993006995,12
2025-04-30,momentum_z,0.22377622377622378,12
2025-04-30,low_volatility_z,-0.2867132867132868,12
2025-04-30,profitability_z,-0.39860139860139865,12
2025-04-30,growth_z,0.5174825174825175,12
2025-05-31,composite,0.0979020979020979,12
2025-05-31,momentum_z,0.2517482517482518,12
2025-05-31,low_volatility_z,-0.49650349650349657,12
2025-05-31,profitability_z,-0.5594405594405596,12
2025-05-31,growth_z,0.6643356643356644,12
2025-06-30,composite,-0.3076923076923077,12
2025-06-30,momentum_z,0.013986013986013986,12
2025-06-30,low_volatility_z,-0.1958041958041958,12
2025-06-30,profitability_z,-0.3216783216783217,12
2025-06-30,growth_z,-0.09090909090909093,12
2025-07-31,composite,-0.5664335664335665,12
2025-07-31,momentum_z,-0.3356643356643357,12
2025-07-31,low_volatility_z,-0.1188811188811189,12
2025-07-31,profitability_z,-0.3846153846153847,12
2025-07-31,growth_z,-0.04895104895104895,12
2025-08-31,composite,0.7762237762237763,12
2025-08-31,momentum_z,0.3356643356643357,12
2025-08-31,low_volatility_z,0.2377622377622378,12
2025-08-31,profitability_z,0.23076923076923078,12
2025-08-31,growth_z,0.44055944055944063,12
2025-09-30,composite,-0.1958041958041958,12
2025-09-30,momentum_z,0.6923076923076924,12
2025-09-30,low_volatility_z,-0.7902097902097903,12
2025-09-30,profitability_z,-0.8531468531468532,12
2025-09-30,growth_z,0.6223776223776225,12
2025-10-31,composite,-0.18881118881118883,12
2025-10-31,momentum_z,-0.17482517482517487,12
2025-10-31,low_volatility_z,0.006993006993006993,12
2025-10-31,profitability_z,0.16083916083916086,12
2025-10-31,growth_z,-0.006993006993006993,12
2025-11-30,composite,-0.4825174825174825,12
2025-11-30,momentum_z,-0.5524475524475525,12
2025-11-30,low_volatility_z,0.17482517482517487,12
2025-11-30,profitability_z,0.21678321678321683,12
2025-11-30,growth_z,-0.7482517482517484,12
2025-12-31,composite,0.7132867132867133,12
2025-12-31,momentum_z,0.6713286713286714,12
2025-12-31,low_volatility_z,-0.4685314685314686,12
2025-12-31,profitability_z,-0.16083916083916086,12
2025-12-31,growth_z,0.4685314685314686,12
2026-01-31,composite,-0.31468531468531474,12
2026-01-31,momentum_z,-0.31468531468531474,12
2026-01-31,low_volatility_z,0.04195804195804196,12
2026-01-31,profitability_z,0.1398601398601399,12
2026-01-31,growth_z,-0.3706293706293707,12
2026-02-28,composite,0.5664335664335665,12
2026-02-28,momentum_z,0.14685314685314685,12
2026-02-28,low_volatility_z,0.2447552447552448,12
2026-02-28,profitability_z,0.013986013986013986,12
2026-02-28,growth_z,0.2027972027972028,12
2026-03-31,composite,0.49650349650349657,12
2026-03-31,momentum_z,0.41958041958041964,12
2026-03-31,low_volatility_z,-0.10489510489510491,12
2026-03-31,profitability_z,-0.2027972027972028,12
2026-03-31,growth_z,0.2377622377622378,12
2026-04-30,composite,0.1958041958041958,12
2026-04-30,momentum_z,0.5174825174825175,12
2026-04-30,low_volatility_z,-0.2377622377622378,12
2026-04-30,profitability_z,-0.4685314685314686,12
2026-04-30,growth_z,0.6013986013986015,12
2026-05-31,composite,0.0979020979020979,12
2026-05-31,momentum_z,0.4825174825174825,12
2026-05-31,low_volatility_z,-0.5104895104895105,12
2026-05-31,profitability_z,-0.4685314685314686,12
2026-05-31,growth_z,0.5174825174825175,12
2026-06-30,composite,-0.31468531468531474,12
2026-06-30,momentum_z,-0.5314685314685316,12
2026-06-30,low_volatility_z,0.6433566433566434,12
2026-06-30,profitability_z,0.43356643356643365,12
2026-06-30,growth_z,-0.4685314685314686,12
2026-07-31,composite,0.0,12
2026-07-31,momentum_z,-0.20979020979020982,12
2026-07-31,low_volatility_z,0.3846153846153847,12
2026-07-31,profitability_z,0.5034965034965035,12
2026-07-31,growth_z,-0.5594405594405596,12
