date,hiring_index
2020-02-01,100.0
2020-02-02,99.84
2020-02-03,99.73
2020-02-04,99.55
2020-02-05,99.46
2020-02-06,99.46
2020-02-07,99.44
2020-02-08,99.51
2020-02-09,99.54
2020-02-10,99.61
2020-02-11,99.65
2020-02-12,99.66
2020-02-13,99.62
2020-02-14,99.63
2020-02-15,99.6
2020-02-16,99.7
2020-02-17,99.71
2020-02-18,99.69
2020-02-19,99.68
2020-02-20,99.74
2020-02-21,99.74
2020-02-22,99.59
2020-02-23,99.59
2020-02-24,99.54
2020-02-25,99.63
2020-02-26,99.65
2020-02-27,99.65
2020-02-28,99.71
2020-02-29,99.97
2020-03-01,100.1
2020-03-02,100.29
2020-03-03,100.42
2020-03-04,100.56
2020-03-05,100.63
2020-03-06,100.76
2020-03-07,100.78
2020-03-08,100.69
2020-03-09,100.52
2020-03-10,100.47
2020-03-11,100.38
2020-03-12,100.37
2020-03-13,100.24
2020-03-14,100.22
2020-03-15,100.19
2020-03-16,100.27
2020-03-17,100.12
2020-03-18,99.96
2020-03-19,99.68
2020-03-20,99.32
2020-03-21,98.72
2020-03-22,98.2
2020-03-23,97.53
2020-03-24,97.03
2020-03-25,96.35
2020-03-26,95.36
2020-03-27,93.93
2020-03-28,92.59
2020-03-29,91.1
2020-03-30,89.73
2020-03-31,88.23
2020-04-01,86.78
2020-04-02,85.56
2020-04-03,84.84
2020-04-04,84.03
2020-04-05,83.23
2020-04-06,82.36
2020-04-07,81.41
2020-04-08,80.65
2020-04-09,79.86
2020-04-10,79.12
2020-04-11,78.65
2020-04-12,78.19
2020-04-13,77.81
2020-04-14,77.47
2020-04-15,77.04
2020-04-16,76.65
2020-04-17,76.22
2020-04-18,75.73
2020-04-19,75.17
2020-04-20,74.73
2020-04-21,74.36
2020-04-22,73.96
2020-04-23,73.67
2020-04-24,73.33
2020-04-25,72.92
2020-04-26,72.6
2020-04-27,72.18
2020-04-28,71.74
2020-04-29,71.27
2020-04-30,70.76
2020-05-01,70.28
2020-05-02,69.89
2020-05-03,69.46
2020-05-04,69.05
2020-05-05,68.7
2020-05-06,68.5
2020-05-07,68.27
2020-05-08,68.02
2020-05-09,67.81
2020-05-10,67.74
2020-05-11,67.58
2020-05-12,67.29
2020-05-13,66.67
2020-05-14,66.25
2020-05-15,66.05
2020-05-16,65.61
2020-05-17,65.14
2020-05-18,64.87
2020-05-19,64.69
2020-05-20,64.86
2020-05-21,65.05
2020-05-22,65.1
2020-05-23,65.22
2020-05-24,65.35
2020-05-25,65.32
2020-05-26,65.3
2020-05-27,65.18
2020-05-28,64.91
2020-05-29,64.74
2020-05-30,64.98
2020-05-31,64.92
2020-06-01,64.82
2020-06-02,64.87
2020-06-03,65.04
2020-06-04,65.11
2020-06-05,65.16
2020-06-06,65.08
2020-06-07,65.18
2020-06-08,65.34
2020-06-09,65.27
2020-06-10,65.21
2020-06-11,65.23
2020-06-12,65.21
2020-06-13,64.99
2020-06-14,64.92
2020-06-15,64.95
2020-06-16,65.01
2020-06-17,65.0
2020-06-18,65.09
2020-06-19,65.12
2020-06-20,65.35
2020-06-21,65.56
2020-06-22,65.57
2020-06-23,65.6
2020-06-24,65.59
2020-06-25,65.61
2020-06-26,65.62
2020-06-27,65.53
2020-06-28,65.41
2020-06-29,65.39
2020-06-30,65.36
2020-07-01,65.36
2020-07-02,65.39
2020-07-03,65.42
2020-07-04,65.46
2020-07-05,65.51
2020-07-06,65.53
2020-07-07,65.65
2020-07-08,65.95
2020-07-09,66.12
2020-07-10,66.39
2020-07-11,66.67
2020-07-12,66.94
2020-07-13,67.3
2020-07-14,67.61
2020-07-15,67.75
2020-07-16,67.89
2020-07-17,68.0
2020-07-18,67.84
2020-07-19,67.92
2020-07-20,68.01
2020-07-21,68.1
2020-07-22,68.22
2020-07-23,68.31
2020-07-24,68.41
2020-07-25,68.73
2020-07-26,68.79
2020-07-27,68.77
2020-07-28,68.79
2020-07-29,68.78
2020-07-30,68.82
2020-07-31,68.85
2020-08-01,69.11
2020-08-02,69.28
2020-08-03,69.46
2020-08-04,69.56
2020-08-05,69.62
2020-08-06,69.68
2020-08-07,69.6
2020-08-08,69.54
2020-08-09,69.63
2020-08-10,69.72
2020-08-11,69.89
2020-08-12,69.95
2020-08-13,70.06
2020-08-14,70.28
2020-08-15,70.06
2020-08-16,70.07
2020-08-17,70.07
2020-08-18,70.12
2020-08-19,70.19
2020-08-20,70.21
2020-08-21,70.22
2020-08-22,70.45
2020-08-23,70.48
2020-08-24,70.46
2020-08-25,70.38
2020-08-26,70.45
2020-08-27,70.55
2020-08-28,70.66
2020-08-29,70.75
2020-08-30,70.79
2020-08-31,70.89
2020-09-01,70.98
2020-09-02,71.14
2020-09-03,71.26
2020-09-04,71.47
2020-09-05,71.67
2020-09-06,71.9
2020-09-07,72.1
2020-09-08,72.31
2020-09-09,72.35
2020-09-10,72.5
2020-09-11,72.59
2020-09-12,72.72
2020-09-13,72.77
2020-09-14,72.79
2020-09-15,72.88
2020-09-16,73.05
2020-09-17,73.25
2020-09-18,73.34
2020-09-19,73.41
2020-09-20,73.55
2020-09-21,73.65
2020-09-22,73.71
2020-09-23,73.72
2020-09-24,73.72
2020-09-25,73.85
2020-09-26,73.95
2020-09-27,74.03
2020-09-28,74.24
2020-09-29,74.47
2020-09-30,74.78
2020-10-01,74.99
2020-10-02,75.22
2020-10-03,75.51
2020-10-04,75.8
2020-10-05,75.99
2020-10-06,76.13
2020-10-07,76.2
2020-10-08,76.35
2020-10-09,76.44
2020-10-10,76.46
2020-10-11,76.55
2020-10-12,76.73
2020-10-13,76.89
2020-10-14,77.14
2020-10-15,77.44
2020-10-16,77.58
2020-10-17,77.8
2020-10-18,78.0
2020-10-19,78.33
2020-10-20,78.69
2020-10-21,79.0
2020-10-22,79.02
2020-10-23,79.26
2020-10-24,79.52
2020-10-25,79.71
2020-10-26,79.75
2020-10-27,79.87
2020-10-28,80.0
2020-10-29,80.26
2020-10-30,80.29
2020-10-31,80.48
2020-11-01,80.75
2020-11-02,80.97
2020-11-03,81.06
2020-11-04,81.17
2020-11-05,81.29
2020-11-06,81.53
2020-11-07,81.62
2020-11-08,81.67
2020-11-09,81.72
2020-11-10,81.88
2020-11-11,81.93
2020-11-12,82.09
2020-11-13,82.23
2020-11-14,82.25
2020-11-15,82.53
2020-11-16,82.99
2020-11-17,83.33
2020-11-18,83.83
2020-11-19,84.24
2020-11-20,84.67
2020-11-21,85.17
2020-11-22,85.4
2020-11-23,85.73
2020-11-24,86.03
2020-11-25,86.32
2020-11-26,86.65
2020-11-27,86.87
2020-11-28,87.16
2020-11-29,87.53
2020-11-30,87.81
2020-12-01,87.85
2020-12-02,88.04
2020-12-03,88.25
2020-12-04,88.6
2020-12-05,88.94
2020-12-06,89.04
2020-12-07,89.04
2020-12-08,89.34
2020-12-09,89.53
2020-12-10,89.5
2020-12-11,89.63
2020-12-12,89.46
2020-12-13,89.68
2020-12-14,90.01
2020-12-15,90.2
2020-12-16,90.28
2020-12-17,90.41
2020-12-18,90.39
2020-12-19,90.59
2020-12-20,90.59
2020-12-21,90.5
2020-12-22,90.56
2020-12-23,90.58
2020-12-24,90.7
2020-12-25,90.77
2020-12-26,90.9
2020-12-27,90.96
2020-12-28,91.06
2020-12-29,91.16
2020-12-30,91.23
2020-12-31,91.28
2021-01-01,91.26
2021-01-02,91.18
2021-01-03,91.09
2021-01-04,90.89
2021-01-05,90.59
2021-01-06,90.53
2021-01-07,90.6
2021-01-08,90.79
2021-01-09,90.83
2021-01-10,91.09
2021-01-11,91.48
2021-01-12,92.01
2021-01-13,92.42
2021-01-14,92.75
2021-01-15,93.16
2021-01-16,93.82
2021-01-17,94.24
2021-01-18,94.54
2021-01-19,94.79
2021-01-20,94.92
2021-01-21,95.03
2021-01-22,95.08
2021-01-23,94.71
2021-01-24,94.81
2021-01-25,95.01
2021-01-26,95.28
2021-01-27,95.64
2021-01-28,96.08
2021-01-29,96.52
2021-01-30,97.22
2021-01-31,97.61
2021-02-01,98.01
2021-02-02,98.38
2021-02-03,98.68
2021-02-04,98.89
2021-02-05,99.22
2021-02-06,99.55
2021-02-07,99.92
2021-02-08,100.25
2021-02-09,100.52
2021-02-10,100.88
2021-02-11,101.34
2021-02-12,101.71
2021-02-13,102.24
2021-02-14,102.6
2021-02-15,102.98
2021-02-16,103.39
2021-02-17,103.78
2021-02-18,104.11
2021-02-19,104.38
2021-02-20,104.41
2021-02-21,104.7
2021-02-22,105.04
2021-02-23,105.39
2021-02-24,105.78
2021-02-25,106.23
2021-02-26,106.66
2021-02-27,107.22
2021-02-28,107.6
2021-03-01,107.85
2021-03-02,108.15
2021-03-03,108.37
2021-03-04,108.57
2021-03-05,108.74
2021-03-06,108.66
2021-03-07,108.89
2021-03-08,109.24
2021-03-09,109.55
2021-03-10,109.87
2021-03-11,110.15
2021-03-12,110.49
2021-03-13,111.23
2021-03-14,111.55
2021-03-15,111.79
2021-03-16,112.11
2021-03-17,112.4
2021-03-18,112.81
2021-03-19,113.23
2021-03-20,113.58
2021-03-21,114.05
2021-03-22,114.51
2021-03-23,114.9
2021-03-24,115.37
2021-03-25,115.66
2021-03-26,115.88
2021-03-27,116.13
2021-03-28,116.28
2021-03-29,116.45
2021-03-30,116.62
2021-03-31,116.71
2021-04-01,116.9
2021-04-02,117.1
2021-04-03,117.27
2021-04-04,117.51
2021-04-05,117.83
2021-04-06,118.06
2021-04-07,118.29
2021-04-08,118.5
2021-04-09,118.78
2021-04-10,118.74
2021-04-11,118.77
2021-04-12,118.81
2021-04-13,118.96
2021-04-14,119.19
2021-04-15,119.39
2021-04-16,119.56
2021-04-17,120.14
2021-04-18,120.65
2021-04-19,121.08
2021-04-20,121.52
2021-04-21,121.93
2021-04-22,122.37
2021-04-23,122.81
2021-04-24,123.24
2021-04-25,123.46
2021-04-26,123.73
2021-04-27,123.98
2021-04-28,124.26
2021-04-29,124.82
2021-04-30,125.28
2021-05-01,125.63
2021-05-02,126.19
2021-05-03,126.73
2021-05-04,127.34
2021-05-05,127.92
2021-05-06,128.29
2021-05-07,128.68
2021-05-08,129.17
2021-05-09,129.49
2021-05-10,129.85
2021-05-11,130.18
2021-05-12,130.66
2021-05-13,131.12
2021-05-14,131.58
2021-05-15,131.9
2021-05-16,132.38
2021-05-17,132.82
2021-05-18,133.25
2021-05-19,133.45
2021-05-20,133.7
2021-05-21,133.93
2021-05-22,133.79
2021-05-23,133.91
2021-05-24,133.92
2021-05-25,133.79
2021-05-26,133.65
2021-05-27,133.5
2021-05-28,133.36
2021-05-29,133.73
2021-05-30,133.77
2021-05-31,133.97
2021-06-01,134.01
2021-06-02,134.35
2021-06-03,134.56
2021-06-04,134.92
2021-06-05,135.15
2021-06-06,135.46
2021-06-07,135.74
2021-06-08,136.05
2021-06-09,136.27
2021-06-10,136.56
2021-06-11,136.74
2021-06-12,136.93
2021-06-13,137.17
2021-06-14,137.5
2021-06-15,138.0
2021-06-16,138.26
2021-06-17,138.52
2021-06-18,138.54
2021-06-19,138.72
2021-06-20,138.67
2021-06-21,138.66
2021-06-22,138.55
2021-06-23,138.64
2021-06-24,138.73
2021-06-25,139.08
2021-06-26,139.35
2021-06-27,139.72
2021-06-28,140.02
2021-06-29,140.47
2021-06-30,140.84
2021-07-01,141.22
2021-07-02,141.52
2021-07-03,141.83
2021-07-04,142.16
2021-07-05,142.51
2021-07-06,142.9
2021-07-07,143.23
2021-07-08,143.51
2021-07-09,143.86
2021-07-10,144.08
2021-07-11,144.27
2021-07-12,144.34
2021-07-13,144.55
2021-07-14,144.8
2021-07-15,145.07
2021-07-16,145.23
2021-07-17,145.39
2021-07-18,145.82
2021-07-19,146.33
2021-07-20,146.7
2021-07-21,146.96
2021-07-22,147.27
2021-07-23,147.76
2021-07-24,148.33
2021-07-25,148.73
2021-07-26,149.05
2021-07-27,149.37
2021-07-28,149.79
2021-07-29,150.17
2021-07-30,150.42
2021-07-31,150.8
2021-08-01,151.04
2021-08-02,151.28
2021-08-03,151.45
2021-08-04,151.67
2021-08-05,151.9
2021-08-06,152.2
2021-08-07,151.75
2021-08-08,151.97
2021-08-09,152.28
2021-08-10,152.68
2021-08-11,153.17
2021-08-12,153.7
2021-08-13,154.29
2021-08-14,155.54
2021-08-15,156.18
2021-08-16,156.74
2021-08-17,157.39
2021-08-18,157.53
2021-08-19,157.98
2021-08-20,158.48
2021-08-21,159.77
2021-08-22,161.14
2021-08-23,162.62
2021-08-24,163.82
2021-08-25,165.61
2021-08-26,167.15
2021-08-27,168.41
2021-08-28,168.81
2021-08-29,169.16
2021-08-30,169.5
2021-08-31,169.74
2021-09-01,169.72
2021-09-02,169.71
2021-09-03,169.97
2021-09-04,169.99
2021-09-05,170.3
2021-09-06,170.62
2021-09-07,171.15
2021-09-08,171.71
2021-09-09,172.01
2021-09-10,172.1
2021-09-11,172.56
2021-09-12,172.71
2021-09-13,172.8
2021-09-14,172.89
2021-09-15,173.09
2021-09-16,173.31
2021-09-17,173.7
2021-09-18,174.0
2021-09-19,174.33
2021-09-20,174.68
2021-09-21,175.01
2021-09-22,175.29
2021-09-23,175.77
2021-09-24,176.16
2021-09-25,176.52
2021-09-26,176.9
2021-09-27,177.27
2021-09-28,177.75
2021-09-29,178.28
2021-09-30,178.58
2021-10-01,178.96
2021-10-02,179.37
2021-10-03,179.73
2021-10-04,180.04
2021-10-05,180.35
2021-10-06,180.6
2021-10-07,181.13
2021-10-08,181.45
2021-10-09,182.12
2021-10-10,182.81
2021-10-11,183.44
2021-10-12,184.16
2021-10-13,184.75
2021-10-14,185.5
2021-10-15,186.45
2021-10-16,186.88
2021-10-17,187.48
2021-10-18,188.18
2021-10-19,188.78
2021-10-20,189.41
2021-10-21,189.72
2021-10-22,189.85
2021-10-23,190.4
2021-10-24,190.66
2021-10-25,190.93
2021-10-26,191.14
2021-10-27,191.36
2021-10-28,191.67
2021-10-29,192.28
2021-10-30,192.75
2021-10-31,193.25
2021-11-01,193.75
2021-11-02,194.18
2021-11-03,194.59
2021-11-04,194.97
2021-11-05,195.16
2021-11-06,195.34
2021-11-07,195.88
2021-11-08,196.37
2021-11-09,196.8
2021-11-10,197.47
2021-11-11,198.77
2021-11-12,199.69
2021-11-13,200.95
2021-11-14,201.97
2021-11-15,202.81
2021-11-16,203.99
2021-11-17,205.04
2021-11-18,205.37
2021-11-19,206.31
2021-11-20,206.42
2021-11-21,206.93
2021-11-22,207.69
2021-11-23,208.14
2021-11-24,208.64
2021-11-25,208.82
2021-11-26,209.11
2021-11-27,209.77
2021-11-28,209.77
2021-11-29,209.69
2021-11-30,209.92
2021-12-01,209.82
2021-12-02,210.34
2021-12-03,210.55
2021-12-04,210.88
2021-12-05,211.41
2021-12-06,212.03
2021-12-07,212.08
2021-12-08,212.42
2021-12-09,212.71
2021-12-10,212.92
2021-12-11,212.77
2021-12-12,213.01
2021-12-13,213.33
2021-12-14,214.02
2021-12-15,214.75
2021-12-16,215.24
2021-12-17,215.92
2021-12-18,216.88
2021-12-19,217.51
2021-12-20,217.96
2021-12-21,217.43
2021-12-22,216.82
2021-12-23,216.28
2021-12-24,215.51
2021-12-25,214.83
2021-12-26,213.98
2021-12-27,213.09
2021-12-28,213.67
2021-12-29,213.7
2021-12-30,213.55
2021-12-31,213.35
2022-01-01,212.96
2022-01-02,212.4
2022-01-03,211.87
2022-01-04,210.82
2022-01-05,210.34
2022-01-06,210.01
2022-01-07,209.95
2022-01-08,209.69
2022-01-09,210.34
2022-01-10,211.12
2022-01-11,211.83
2022-01-12,212.58
2022-01-13,213.58
2022-01-14,214.04
2022-01-15,215.43
2022-01-16,216.09
2022-01-17,216.58
2022-01-18,217.31
2022-01-19,217.98
2022-01-20,218.49
2022-01-21,219.3
2022-01-22,219.3
2022-01-23,219.57
2022-01-24,220.02
2022-01-25,220.49
2022-01-26,220.9
2022-01-27,221.4
2022-01-28,222.1
2022-01-29,223.21
2022-01-30,224.02
2022-01-31,224.47
2022-02-01,225.15
2022-02-02,225.86
2022-02-03,226.48
2022-02-04,226.85
2022-02-05,227.11
2022-02-06,227.32
2022-02-07,227.94
2022-02-08,227.54
2022-02-09,227.78
2022-02-10,227.93
2022-02-11,228.11
2022-02-12,228.3
2022-02-13,228.49
2022-02-14,228.54
2022-02-15,228.61
2022-02-16,228.7
2022-02-17,228.96
2022-02-18,229.38
2022-02-19,229.27
2022-02-20,229.83
2022-02-21,230.38
2022-02-22,231.32
2022-02-23,231.87
2022-02-24,232.32
2022-02-25,232.61
2022-02-26,233.39
2022-02-27,233.52
2022-02-28,233.84
2022-03-01,233.54
2022-03-02,233.4
2022-03-03,233.06
2022-03-04,232.83
2022-03-05,232.25
2022-03-06,231.99
2022-03-07,231.45
2022-03-08,231.8
2022-03-09,231.91
2022-03-10,232.07
2022-03-11,232.19
2022-03-12,232.6
2022-03-13,232.62
2022-03-14,232.69
2022-03-15,231.67
2022-03-16,230.48
2022-03-17,229.23
2022-03-18,227.78
2022-03-19,226.39
2022-03-20,225.27
2022-03-21,223.67
2022-03-22,223.11
2022-03-23,222.96
2022-03-24,223.1
2022-03-25,223.67
2022-03-26,224.23
2022-03-27,224.61
2022-03-28,225.02
2022-03-29,225.03
2022-03-30,225.36
2022-03-31,225.56
2022-04-01,225.62
2022-04-02,225.35
2022-04-03,225.16
2022-04-04,224.92
2022-04-05,225.53
2022-04-06,225.4
2022-04-07,225.2
2022-04-08,225.05
2022-04-09,224.77
2022-04-10,224.35
2022-04-11,223.97
2022-04-12,223.7
2022-04-13,223.5
2022-04-14,223.45
2022-04-15,223.21
2022-04-16,223.4
2022-04-17,223.85
2022-04-18,224.54
2022-04-19,224.89
2022-04-20,225.25
2022-04-21,225.51
2022-04-22,225.89
2022-04-23,226.27
2022-04-24,226.25
2022-04-25,226.48
2022-04-26,226.43
2022-04-27,224.2
2022-04-28,224.13
2022-04-29,223.81
2022-04-30,223.5
2022-05-01,223.47
2022-05-02,223.16
2022-05-03,223.18
2022-05-04,225.34
2022-05-05,225.42
2022-05-06,225.93
2022-05-07,226.21
2022-05-08,226.56
2022-05-09,227.34
2022-05-10,227.89
2022-05-11,228.19
2022-05-12,228.37
2022-05-13,228.26
2022-05-14,228.35
2022-05-15,228.38
2022-05-16,228.31
2022-05-17,227.6
2022-05-18,227.5
2022-05-19,227.46
2022-05-20,227.41
2022-05-21,226.98
2022-05-22,226.95
2022-05-23,226.74
2022-05-24,227.17
2022-05-25,227.05
2022-05-26,226.87
2022-05-27,226.63
2022-05-28,226.66
2022-05-29,226.23
2022-05-30,225.95
2022-05-31,225.4
2022-06-01,224.86
2022-06-02,224.04
2022-06-03,223.25
2022-06-04,222.51
2022-06-05,221.66
2022-06-06,220.79
2022-06-07,219.99
2022-06-08,219.31
2022-06-09,218.94
2022-06-10,218.5
2022-06-11,218.08
2022-06-12,217.75
2022-06-13,217.49
2022-06-14,217.4
2022-06-15,217.28
2022-06-16,216.97
2022-06-17,216.88
2022-06-18,216.66
2022-06-19,216.64
2022-06-20,216.6
2022-06-21,216.56
2022-06-22,216.46
2022-06-23,216.57
2022-06-24,216.38
2022-06-25,215.99
2022-06-26,215.61
2022-06-27,214.88
2022-06-28,213.94
2022-06-29,212.97
2022-06-30,212.02
2022-07-01,211.28
2022-07-02,210.84
2022-07-03,210.1
2022-07-04,209.29
2022-07-05,209.07
2022-07-06,208.39
2022-07-07,207.7
2022-07-08,206.98
2022-07-09,206.05
2022-07-10,205.27
2022-07-11,204.87
2022-07-12,204.05
2022-07-13,203.56
2022-07-14,203.0
2022-07-15,202.41
2022-07-16,201.98
2022-07-17,201.6
2022-07-18,200.86
2022-07-19,200.01
2022-07-20,199.63
2022-07-21,198.88
2022-07-22,198.41
2022-07-23,197.48
2022-07-24,196.85
2022-07-25,196.31
2022-07-26,195.88
2022-07-27,195.08
2022-07-28,194.79
2022-07-29,194.36
2022-07-30,194.53
2022-07-31,194.28
2022-08-01,194.18
2022-08-02,193.88
2022-08-03,193.67
2022-08-04,193.3
2022-08-05,192.93
2022-08-06,192.35
2022-08-07,191.79
2022-08-08,191.43
2022-08-09,191.22
2022-08-10,190.82
2022-08-11,190.39
2022-08-12,189.8
2022-08-13,189.03
2022-08-14,188.46
2022-08-15,187.83
2022-08-16,187.16
2022-08-17,186.5
2022-08-18,185.86
2022-08-19,185.33
2022-08-20,184.99
2022-08-21,184.55
2022-08-22,184.05
2022-08-23,183.25
2022-08-24,182.98
2022-08-25,182.83
2022-08-26,182.53
2022-08-27,182.31
2022-08-28,181.96
2022-08-29,181.51
2022-08-30,181.27
2022-08-31,180.82
2022-09-01,180.31
2022-09-02,179.86
2022-09-03,179.46
2022-09-04,179.12
2022-09-05,178.72
2022-09-06,178.4
2022-09-07,177.79
2022-09-08,177.2
2022-09-09,176.71
2022-09-10,176.15
2022-09-11,175.47
2022-09-12,174.98
2022-09-13,174.56
2022-09-14,174.2
2022-09-15,173.94
2022-09-16,173.65
2022-09-17,173.21
2022-09-18,172.92
2022-09-19,172.47
2022-09-20,171.84
2022-09-21,171.46
2022-09-22,170.98
2022-09-23,170.48
2022-09-24,170.13
2022-09-25,169.7
2022-09-26,169.45
2022-09-27,169.42
2022-09-28,169.09
2022-09-29,168.74
2022-09-30,168.39
2022-10-01,168.09
2022-10-02,167.75
2022-10-03,167.39
2022-10-04,166.7
2022-10-05,166.16
2022-10-06,165.52
2022-10-07,164.72
2022-10-08,163.95
2022-10-09,163.15
2022-10-10,162.52
2022-10-11,162.09
2022-10-12,161.57
2022-10-13,161.18
2022-10-14,161.02
2022-10-15,160.66
2022-10-16,160.49
2022-10-17,160.13
2022-10-18,159.82
2022-10-19,159.54
2022-10-20,159.16
2022-10-21,158.74
2022-10-22,157.79
2022-10-23,157.26
2022-10-24,156.85
2022-10-25,156.44
2022-10-26,155.97
2022-10-27,155.74
2022-10-28,155.38
2022-10-29,155.71
2022-10-30,155.49
2022-10-31,155.37
2022-11-01,155.07
2022-11-02,154.45
2022-11-03,153.58
2022-11-04,152.89
2022-11-05,152.02
2022-11-06,151.27
2022-11-07,150.44
2022-11-08,149.69
2022-11-09,149.21
2022-11-10,148.76
2022-11-11,148.18
2022-11-12,147.81
2022-11-13,147.3
2022-11-14,146.74
2022-11-15,146.27
2022-11-16,145.94
2022-11-17,145.67
2022-11-18,145.39
2022-11-19,144.91
2022-11-20,144.59
2022-11-21,144.25
2022-11-22,143.89
2022-11-23,143.62
2022-11-24,143.3
2022-11-25,143.16
2022-11-26,143.13
2022-11-27,142.94
2022-11-28,142.74
2022-11-29,142.65
2022-11-30,142.5
2022-12-01,142.35
2022-12-02,141.93
2022-12-03,141.48
2022-12-04,140.93
2022-12-05,140.53
2022-12-06,139.82
2022-12-07,138.94
2022-12-08,138.16
2022-12-09,137.57
2022-12-10,136.84
2022-12-11,136.34
2022-12-12,135.66
2022-12-13,135.2
2022-12-14,135.15
2022-12-15,134.86
2022-12-16,134.55
2022-12-17,134.32
2022-12-18,134.02
2022-12-19,133.76
2022-12-20,133.51
2022-12-21,133.03
2022-12-22,132.67
2022-12-23,132.24
2022-12-24,132.0
2022-12-25,131.71
2022-12-26,131.53
2022-12-27,131.38
2022-12-28,131.1
2022-12-29,130.88
2022-12-30,130.74
2022-12-31,130.53
2023-01-01,130.29
2023-01-02,129.97
2023-01-03,129.58
2023-01-04,128.95
2023-01-05,128.54
2023-01-06,128.24
2023-01-07,127.88
2023-01-08,127.68
2023-01-09,127.42
2023-01-10,127.35
2023-01-11,127.55
2023-01-12,127.59
2023-01-13,127.5
2023-01-14,127.22
2023-01-15,127.13
2023-01-16,127.08
2023-01-17,126.94
2023-01-18,126.64
2023-01-19,126.53
2023-01-20,126.14
2023-01-21,125.88
2023-01-22,125.46
2023-01-23,124.99
2023-01-24,124.5
2023-01-25,124.06
2023-01-26,123.41
2023-01-27,123.03
2023-01-28,122.72
2023-01-29,122.31
2023-01-30,121.89
2023-01-31,121.49
2023-02-01,121.17
2023-02-02,120.75
2023-02-03,120.28
2023-02-04,119.83
2023-02-05,119.26
2023-02-06,118.78
2023-02-07,118.17
2023-02-08,117.46
2023-02-09,116.99
2023-02-10,116.53
2023-02-11,116.03
2023-02-12,115.6
2023-02-13,115.15
2023-02-14,114.64
2023-02-15,114.24
2023-02-16,113.67
2023-02-17,113.08
2023-02-18,111.99
2023-02-19,111.43
2023-02-20,110.97
2023-02-21,110.56
2023-02-22,110.07
2023-02-23,109.55
2023-02-24,108.93
2023-02-25,108.87
2023-02-26,108.27
2023-02-27,107.55
2023-02-28,106.83
2023-03-01,105.97
2023-03-02,105.43
2023-03-03,105.06
2023-03-04,104.64
2023-03-05,104.36
2023-03-06,104.14
2023-03-07,103.88
2023-03-08,103.69
2023-03-09,103.41
2023-03-10,103.27
2023-03-11,103.16
2023-03-12,102.93
2023-03-13,102.54
2023-03-14,102.35
2023-03-15,102.37
2023-03-16,102.3
2023-03-17,102.12
2023-03-18,101.96
2023-03-19,101.89
2023-03-20,102.0
2023-03-21,102.08
2023-03-22,102.04
2023-03-23,101.87
2023-03-24,101.75
2023-03-25,101.58
2023-03-26,101.3
2023-03-27,100.93
2023-03-28,100.5
2023-03-29,100.13
2023-03-30,99.9
2023-03-31,99.66
2023-04-01,99.54
2023-04-02,99.42
2023-04-03,99.24
2023-04-04,99.11
2023-04-05,98.99
2023-04-06,98.93
2023-04-07,98.75
2023-04-08,98.55
2023-04-09,98.35
2023-04-10,98.41
2023-04-11,98.45
2023-04-12,98.44
2023-04-13,98.29
2023-04-14,98.21
2023-04-15,97.76
2023-04-16,97.73
2023-04-17,97.55
2023-04-18,97.38
2023-04-19,97.26
2023-04-20,97.25
2023-04-21,97.16
2023-04-22,97.45
2023-04-23,97.36
2023-04-24,97.26
2023-04-25,97.09
2023-04-26,97.47
2023-04-27,97.84
2023-04-28,99.06
2023-04-29,98.79
2023-04-30,98.48
2023-05-01,98.22
2023-05-02,98.09
2023-05-03,98.24
2023-05-04,98.03
2023-05-05,97.42
2023-05-06,98.15
2023-05-07,98.87
2023-05-08,99.42
2023-05-09,99.86
2023-05-10,99.54
2023-05-11,99.48
2023-05-12,98.69
2023-05-13,98.27
2023-05-14,97.93
2023-05-15,97.74
2023-05-16,97.53
2023-05-17,97.07
2023-05-18,96.87
2023-05-19,97.04
2023-05-20,96.83
2023-05-21,96.73
2023-05-22,96.56
2023-05-23,96.33
2023-05-24,96.4
2023-05-25,96.29
2023-05-26,96.16
2023-05-27,95.97
2023-05-28,95.58
2023-05-29,95.28
2023-05-30,95.04
2023-05-31,94.59
2023-06-01,94.05
2023-06-02,93.55
2023-06-03,93.32
2023-06-04,93.08
2023-06-05,92.81
2023-06-06,92.51
2023-06-07,92.22
2023-06-08,91.34
2023-06-09,90.35
2023-06-10,89.06
2023-06-11,87.9
2023-06-12,86.77
2023-06-13,85.63
2023-06-14,84.66
2023-06-15,84.44
2023-06-16,84.17
2023-06-17,84.17
2023-06-18,84.18
2023-06-19,84.16
2023-06-20,84.22
2023-06-21,84.23
2023-06-22,84.22
2023-06-23,84.15
2023-06-24,84.01
2023-06-25,83.82
2023-06-26,83.55
2023-06-27,83.35
2023-06-28,83.13
2023-06-29,82.85
2023-06-30,82.75
2023-07-01,82.62
2023-07-02,82.54
2023-07-03,82.5
2023-07-04,82.42
2023-07-05,82.45
2023-07-06,82.36
2023-07-07,82.3
2023-07-08,82.4
2023-07-09,82.45
2023-07-10,82.53
2023-07-11,82.58
2023-07-12,82.6
2023-07-13,83.18
2023-07-14,83.71
2023-07-15,84.1
2023-07-16,84.51
2023-07-17,84.94
2023-07-18,85.31
2023-07-19,85.68
2023-07-20,85.59
2023-07-21,85.47
2023-07-22,85.06
2023-07-23,84.87
2023-07-24,84.63
2023-07-25,84.45
2023-07-26,84.22
2023-07-27,83.66
2023-07-28,83.18
2023-07-29,82.94
2023-07-30,82.49
2023-07-31,82.03
2023-08-01,81.53
2023-08-02,80.98
2023-08-03,80.72
2023-08-04,80.46
2023-08-05,80.29
2023-08-06,80.07
2023-08-07,79.88
2023-08-08,79.75
2023-08-09,79.66
2023-08-10,79.56
2023-08-11,79.45
2023-08-12,79.27
2023-08-13,79.25
2023-08-14,79.18
2023-08-15,79.05
2023-08-16,78.96
2023-08-17,78.95
2023-08-18,79.08
2023-08-19,79.13
2023-08-20,79.04
2023-08-21,79.05
2023-08-22,79.09
2023-08-23,79.14
2023-08-24,79.12
2023-08-25,78.91
2023-08-26,78.82
2023-08-27,78.76
2023-08-28,78.66
2023-08-29,78.66
2023-08-30,78.61
2023-08-31,78.58
2023-09-01,78.65
2023-09-02,78.78
2023-09-03,78.86
2023-09-04,78.94
2023-09-05,78.91
2023-09-06,78.83
2023-09-07,78.79
2023-09-08,78.7
2023-09-09,78.59
2023-09-10,78.47
2023-09-11,78.33
2023-09-12,78.21
2023-09-13,78.19
2023-09-14,78.11
2023-09-15,77.93
2023-09-16,77.75
2023-09-17,77.46
2023-09-18,77.14
2023-09-19,76.84
2023-09-20,76.5
2023-09-21,76.14
2023-09-22,75.89
2023-09-23,75.6
2023-09-24,75.45
2023-09-25,75.36
2023-09-26,75.28
2023-09-27,75.22
2023-09-28,75.27
2023-09-29,75.21
2023-09-30,75.12
2023-10-01,75.1
2023-10-02,75.09
2023-10-03,75.07
2023-10-04,75.07
2023-10-05,75.02
2023-10-06,75.05
2023-10-07,75.18
2023-10-08,75.21
2023-10-09,75.21
2023-10-10,75.22
2023-10-11,75.2
2023-10-12,75.25
2023-10-13,75.28
2023-10-14,75.35
2023-10-15,75.47
2023-10-16,75.54
2023-10-17,75.62
2023-10-18,75.68
2023-10-19,75.73
2023-10-20,75.72
2023-10-21,75.5
2023-10-22,75.28
2023-10-23,75.21
2023-10-24,75.08
2023-10-25,74.99
2023-10-26,74.8
2023-10-27,74.65
2023-10-28,74.64
2023-10-29,74.58
2023-10-30,74.44
2023-10-31,74.27
2023-11-01,74.17
2023-11-02,73.99
2023-11-03,73.83
2023-11-04,73.72
2023-11-05,73.6
2023-11-06,73.48
2023-11-07,73.41
2023-11-08,73.21
2023-11-09,73.18
2023-11-10,73.12
2023-11-11,73.02
2023-11-12,72.96
2023-11-13,72.88
2023-11-14,72.78
2023-11-15,72.65
2023-11-16,72.62
2023-11-17,72.64
2023-11-18,72.56
2023-11-19,72.58
2023-11-20,72.6
2023-11-21,72.68
2023-11-22,72.7
2023-11-23,72.72
2023-11-24,72.7
2023-11-25,72.78
2023-11-26,72.72
2023-11-27,72.67
2023-11-28,72.62
2023-11-29,72.66
2023-11-30,72.55
2023-12-01,72.45
2023-12-02,72.37
2023-12-03,72.34
2023-12-04,72.29
2023-12-05,72.19
2023-12-06,72.28
2023-12-07,72.38
2023-12-08,72.49
2023-12-09,72.47
2023-12-10,72.55
2023-12-11,72.64
2023-12-12,72.67
2023-12-13,72.57
2023-12-14,72.59
2023-12-15,72.51
2023-12-16,72.53
2023-12-17,72.46
2023-12-18,72.43
2023-12-19,72.52
2023-12-20,72.56
2023-12-21,72.54
2023-12-22,72.51
2023-12-23,72.47
2023-12-24,72.46
2023-12-25,72.46
2023-12-26,72.49
2023-12-27,72.52
2023-12-28,72.52
2023-12-29,72.62
2023-12-30,72.66
2023-12-31,72.63
2024-01-01,72.59
2024-01-02,72.52
2024-01-03,72.48
2024-01-04,72.43
2024-01-05,72.33
2024-01-06,72.28
2024-01-07,72.3
2024-01-08,72.22
2024-01-09,72.09
2024-01-10,71.98
2024-01-11,71.89
2024-01-12,71.8
2024-01-13,71.7
2024-01-14,71.66
2024-01-15,71.72
2024-01-16,71.77
2024-01-17,71.75
2024-01-18,71.73
2024-01-19,71.77
2024-01-20,71.87
2024-01-21,71.81
2024-01-22,71.73
2024-01-23,71.63
2024-01-24,71.59
2024-01-25,71.51
2024-01-26,71.32
2024-01-27,71.24
2024-01-28,71.22
2024-01-29,71.18
2024-01-30,71.18
2024-01-31,71.07
2024-02-01,71.09
2024-02-02,71.23
2024-02-03,71.29
2024-02-04,71.31
2024-02-05,71.22
2024-02-06,71.21
2024-02-07,71.27
2024-02-08,71.23
2024-02-09,71.23
2024-02-10,71.17
2024-02-11,71.12
2024-02-12,71.14
2024-02-13,71.13
2024-02-14,71.13
2024-02-15,71.17
2024-02-16,71.11
2024-02-17,70.92
2024-02-18,70.94
2024-02-19,71.02
2024-02-20,71.12
2024-02-21,71.16
2024-02-22,71.13
2024-02-23,71.06
2024-02-24,71.24
2024-02-25,71.21
2024-02-26,71.11
2024-02-27,70.99
2024-02-28,70.9
2024-02-29,70.83
2024-03-01,70.85
2024-03-02,70.72
2024-03-03,70.65
2024-03-04,70.64
2024-03-05,70.62
2024-03-06,70.69
2024-03-07,70.69
2024-03-08,70.68
2024-03-09,70.79
2024-03-10,70.8
2024-03-11,70.8
2024-03-12,70.76
2024-03-13,70.68
2024-03-14,70.68
2024-03-15,70.69
2024-03-16,70.66
2024-03-17,70.71
2024-03-18,70.75
2024-03-19,70.86
2024-03-20,70.91
2024-03-21,70.94
2024-03-22,70.94
2024-03-23,71.0
2024-03-24,70.98
2024-03-25,71.0
2024-03-26,70.91
2024-03-27,70.83
2024-03-28,70.76
2024-03-29,70.77
2024-03-30,70.78
2024-03-31,70.81
2024-04-01,70.72
2024-04-02,70.7
2024-04-03,70.76
2024-04-04,70.77
2024-04-05,70.65
2024-04-06,70.53
2024-04-07,70.41
2024-04-08,70.4
2024-04-09,70.36
2024-04-10,70.38
2024-04-11,70.5
2024-04-12,70.64
2024-04-13,70.72
2024-04-14,70.82
2024-04-15,70.9
2024-04-16,70.97
2024-04-17,70.95
2024-04-18,70.86
2024-04-19,70.77
2024-04-20,70.53
2024-04-21,70.42
2024-04-22,70.27
2024-04-23,70.19
2024-04-24,69.99
2024-04-25,69.83
2024-04-26,69.63
2024-04-27,69.67
2024-04-28,69.56
2024-04-29,69.44
2024-04-30,69.3
2024-05-01,69.23
2024-05-02,69.12
2024-05-03,69.07
2024-05-04,68.94
2024-05-05,68.89
2024-05-06,68.87
2024-05-07,68.86
2024-05-08,68.84
2024-05-09,68.9
2024-05-10,69.01
2024-05-11,69.12
2024-05-12,69.08
2024-05-13,69.08
2024-05-14,69.1
2024-05-15,69.2
2024-05-16,69.23
2024-05-17,69.14
2024-05-18,69.0
2024-05-19,68.84
2024-05-20,68.62
2024-05-21,68.38
2024-05-22,68.5
2024-05-23,68.58
2024-05-24,68.79
2024-05-25,69.09
2024-05-26,69.51
2024-05-27,69.94
2024-05-28,70.33
2024-05-29,70.27
2024-05-30,70.27
2024-05-31,70.19
2024-06-01,70.18
2024-06-02,70.11
2024-06-03,70.11
2024-06-04,70.08
2024-06-05,70.14
2024-06-06,70.21
2024-06-07,70.25
2024-06-08,70.22
2024-06-09,70.2
2024-06-10,70.12
2024-06-11,70.03
2024-06-12,69.93
2024-06-13,69.8
2024-06-14,69.73
2024-06-15,69.49
2024-06-16,69.43
2024-06-17,69.4
2024-06-18,69.39
2024-06-19,69.38
2024-06-20,69.46
2024-06-21,69.56
2024-06-22,69.77
2024-06-23,69.84
2024-06-24,69.9
2024-06-25,69.99
2024-06-26,70.05
2024-06-27,70.12
2024-06-28,70.1
2024-06-29,70.06
2024-06-30,70.08
2024-07-01,70.11
2024-07-02,70.15
2024-07-03,70.16
2024-07-04,70.16
2024-07-05,70.18
2024-07-06,70.2
2024-07-07,70.21
2024-07-08,70.27
2024-07-09,70.31
2024-07-10,70.39
2024-07-11,70.44
2024-07-12,70.58
2024-07-13,70.76
2024-07-14,70.84
2024-07-15,70.86
2024-07-16,70.8
2024-07-17,70.68
2024-07-18,70.53
2024-07-19,70.34
2024-07-20,69.91
2024-07-21,69.79
2024-07-22,69.7
2024-07-23,69.64
2024-07-24,69.59
2024-07-25,69.58
2024-07-26,69.55
2024-07-27,69.76
2024-07-28,69.73
2024-07-29,69.67
2024-07-30,69.7
2024-07-31,69.71
2024-08-01,69.76
2024-08-02,69.71
2024-08-03,69.57
2024-08-04,69.44
2024-08-05,69.27
2024-08-06,69.08
2024-08-07,68.91
2024-08-08,68.74
2024-08-09,68.64
2024-08-10,68.5
2024-08-11,68.42
2024-08-12,68.45
2024-08-13,68.47
2024-08-14,68.43
2024-08-15,68.34
2024-08-16,68.25
2024-08-17,68.28
2024-08-18,68.3
2024-08-19,68.15
2024-08-20,68.02
2024-08-21,67.92
2024-08-22,67.9
2024-08-23,67.97
2024-08-24,67.94
2024-08-25,67.8
2024-08-26,67.77
2024-08-27,67.78
2024-08-28,67.89
2024-08-29,68.06
2024-08-30,68.15
2024-08-31,68.32
2024-09-01,68.57
2024-09-02,68.78
2024-09-03,68.85
2024-09-04,68.89
2024-09-05,68.87
2024-09-06,68.85
2024-09-07,68.91
2024-09-08,68.91
2024-09-09,68.94
2024-09-10,69.07
2024-09-11,69.18
2024-09-12,69.25
2024-09-13,69.32
2024-09-14,69.36
2024-09-15,69.42
2024-09-16,69.46
2024-09-17,69.56
2024-09-18,69.66
2024-09-19,69.79
2024-09-20,69.92
2024-09-21,70.0
2024-09-22,70.04
2024-09-23,70.08
2024-09-24,70.06
2024-09-25,70.05
2024-09-26,69.96
2024-09-27,69.74
2024-09-28,69.49
2024-09-29,69.37
2024-09-30,69.33
2024-10-01,69.2
2024-10-02,69.04
2024-10-03,68.89
2024-10-04,69.0
2024-10-05,69.15
2024-10-06,69.17
2024-10-07,69.14
2024-10-08,69.2
2024-10-09,69.26
2024-10-10,69.19
2024-10-11,68.99
2024-10-12,68.81
2024-10-13,68.66
2024-10-14,68.52
2024-10-15,68.42
2024-10-16,68.26
2024-10-17,68.26
2024-10-18,68.34
2024-10-19,68.3
2024-10-20,68.38
2024-10-21,68.43
2024-10-22,68.35
2024-10-23,68.41
2024-10-24,68.4
2024-10-25,68.34
2024-10-26,68.42
2024-10-27,68.41
2024-10-28,68.37
2024-10-29,68.44
2024-10-30,68.4
2024-10-31,68.48
2024-11-01,68.59
2024-11-02,68.57
2024-11-03,68.51
2024-11-04,68.48
2024-11-05,68.38
2024-11-06,68.28
2024-11-07,68.1
2024-11-08,67.87
2024-11-09,67.67
2024-11-10,67.54
2024-11-11,67.39
2024-11-12,67.27
2024-11-13,67.16
2024-11-14,67.05
2024-11-15,66.93
2024-11-16,66.91
2024-11-17,66.79
2024-11-18,66.73
2024-11-19,66.71
2024-11-20,66.65
2024-11-21,66.57
2024-11-22,66.55
2024-11-23,66.59
2024-11-24,66.65
2024-11-25,66.68
2024-11-26,66.73
2024-11-27,66.87
2024-11-28,67.06
2024-11-29,67.25
2024-11-30,67.37
2024-12-01,67.47
2024-12-02,67.57
2024-12-03,67.66
2024-12-04,67.68
2024-12-05,67.71
2024-12-06,67.65
2024-12-07,67.57
2024-12-08,67.5
2024-12-09,67.5
2024-12-10,67.45
2024-12-11,67.41
2024-12-12,67.33
2024-12-13,67.31
2024-12-14,67.23
2024-12-15,67.3
2024-12-16,67.29
2024-12-17,67.3
2024-12-18,67.31
2024-12-19,67.28
2024-12-20,67.3
2024-12-21,67.38
2024-12-22,67.35
2024-12-23,67.33
2024-12-24,67.33
2024-12-25,67.37
2024-12-26,67.45
2024-12-27,67.46
2024-12-28,67.5
2024-12-29,67.51
2024-12-30,67.54
2024-12-31,67.53
2025-01-01,67.53
2025-01-02,67.5
2025-01-03,67.48
2025-01-04,67.41
2025-01-05,67.34
2025-01-06,67.3
2025-01-07,67.28
2025-01-08,67.26
2025-01-09,67.24
2025-01-10,67.26
2025-01-11,67.31
2025-01-12,67.41
2025-01-13,67.51
2025-01-14,67.61
2025-01-15,67.73
2025-01-16,67.87
2025-01-17,68.0
2025-01-18,68.02
2025-01-19,68.03
2025-01-20,67.98
2025-01-21,67.91
2025-01-22,67.77
2025-01-23,67.61
2025-01-24,67.44
2025-01-25,67.39
2025-01-26,67.28
2025-01-27,67.17
2025-01-28,67.07
2025-01-29,67.02
2025-01-30,66.97
2025-01-31,66.9
2025-02-01,66.79
2025-02-02,66.67
2025-02-03,66.57
2025-02-04,66.48
2025-02-05,66.35
2025-02-06,66.22
2025-02-07,66.04
2025-02-08,65.88
2025-02-09,65.72
2025-02-10,65.58
2025-02-11,65.45
2025-02-12,65.35
2025-02-13,65.22
2025-02-14,65.11
2025-02-15,64.81
2025-02-16,64.75
2025-02-17,64.68
2025-02-18,64.48
2025-02-19,64.22
2025-02-20,64.01
2025-02-21,63.73
2025-02-22,63.78
2025-02-23,63.56
2025-02-24,63.26
2025-02-25,63.05
2025-02-26,62.92
2025-02-27,62.82
2025-02-28,62.79
2025-03-01,62.6
2025-03-02,62.55
2025-03-03,62.61
2025-03-04,62.67
2025-03-05,62.66
2025-03-06,62.73
2025-03-07,62.7
2025-03-08,62.72
2025-03-09,62.61
2025-03-10,62.43
2025-03-11,62.25
2025-03-12,62.12
2025-03-13,61.84
2025-03-14,61.71
2025-03-15,61.64
2025-03-16,61.61
2025-03-17,61.6
2025-03-18,61.61
2025-03-19,61.67
2025-03-20,61.85
2025-03-21,62.11
2025-03-22,62.26
2025-03-23,62.39
2025-03-24,62.53
2025-03-25,62.71
2025-03-26,62.77
2025-03-27,62.74
2025-03-28,62.64
2025-03-29,62.57
2025-03-30,62.53
2025-03-31,62.56
2025-04-01,62.59
2025-04-02,62.68
2025-04-03,62.83
2025-04-04,63.07
2025-04-05,63.33
2025-04-06,63.6
2025-04-07,63.85
2025-04-08,63.99
2025-04-09,64.14
2025-04-10,64.21
2025-04-11,64.13
2025-04-12,64.05
2025-04-13,63.92
2025-04-14,63.71
2025-04-15,63.6
2025-04-16,63.47
2025-04-17,63.46
2025-04-18,63.48
2025-04-19,63.41
2025-04-20,63.46
2025-04-21,63.6
2025-04-22,63.68
2025-04-23,63.75
2025-04-24,63.7
2025-04-25,63.62
2025-04-26,63.63
2025-04-27,63.57
2025-04-28,63.48
2025-04-29,63.32
2025-04-30,63.26
2025-05-01,63.21
2025-05-02,63.24
2025-05-03,63.27
2025-05-04,63.21
2025-05-05,63.05
2025-05-06,63.13
2025-05-07,63.09
2025-05-08,62.95
2025-05-09,62.83
2025-05-10,62.75
2025-05-11,62.6
2025-05-12,62.49
2025-05-13,62.21
2025-05-14,61.9
2025-05-15,61.76
2025-05-16,61.58
2025-05-17,61.12
2025-05-18,61.19
2025-05-19,61.37
2025-05-20,61.53
2025-05-21,61.85
2025-05-22,62.17
2025-05-23,62.43
2025-05-24,63.01
2025-05-25,63.21
2025-05-26,63.43
2025-05-27,63.63
2025-05-28,63.63
2025-05-29,63.72
2025-05-30,63.87
2025-05-31,63.97
2025-06-01,64.09
2025-06-02,64.2
2025-06-03,64.38
2025-06-04,64.67
2025-06-05,64.92
2025-06-06,65.09
2025-06-07,65.29
2025-06-08,65.41
2025-06-09,65.46
2025-06-10,65.49
2025-06-11,65.56
2025-06-12,65.52
2025-06-13,65.51
2025-06-14,65.33
2025-06-15,65.36
2025-06-16,65.41
2025-06-17,65.4
2025-06-18,65.46
2025-06-19,65.53
2025-06-20,65.61
2025-06-21,65.8
2025-06-22,65.81
2025-06-23,65.84
2025-06-24,65.91
2025-06-25,65.85
2025-06-26,65.75
2025-06-27,65.71
2025-06-28,65.67
2025-06-29,65.65
2025-06-30,65.55
2025-07-01,65.36
2025-07-02,65.18
2025-07-03,65.02
2025-07-04,64.85
2025-07-05,64.74
2025-07-06,64.57
2025-07-07,64.51
2025-07-08,64.54
2025-07-09,64.6
2025-07-10,64.74
2025-07-11,64.89
2025-07-12,64.97
2025-07-13,65.11
2025-07-14,65.17
2025-07-15,65.3
2025-07-16,65.46
2025-07-17,65.59
2025-07-18,65.68
2025-07-19,65.68
2025-07-20,65.85
2025-07-21,66.0
2025-07-22,66.14
2025-07-23,66.17
2025-07-24,66.2
2025-07-25,66.15
2025-07-26,66.19
2025-07-27,66.11
2025-07-28,66.12
2025-07-29,66.09
2025-07-30,66.08
2025-07-31,66.03
2025-08-01,66.21
2025-08-02,66.27
2025-08-03,66.28
2025-08-04,66.22
2025-08-05,66.21
2025-08-06,66.21
2025-08-07,66.2
2025-08-08,66.05
2025-08-09,66.0
2025-08-10,66.07
2025-08-11,66.15
2025-08-12,66.03
2025-08-13,66.02
2025-08-14,66.02
2025-08-15,66.08
2025-08-16,66.21
2025-08-17,66.2
2025-08-18,66.27
2025-08-19,66.45
2025-08-20,66.53
2025-08-21,66.6
2025-08-22,66.58
2025-08-23,66.48
2025-08-24,66.44
2025-08-25,66.27
2025-08-26,66.18
2025-08-27,66.11
2025-08-28,66.07
2025-08-29,65.73
2025-08-30,65.51
2025-08-31,65.23
2025-09-01,65.04
2025-09-02,64.79
2025-09-03,64.54
2025-09-04,64.42
2025-09-05,64.58
2025-09-06,64.72
2025-09-07,64.89
2025-09-08,65.06
2025-09-09,65.23
2025-09-10,65.42
2025-09-11,65.43
2025-09-12,65.5
2025-09-13,65.44
2025-09-14,65.29
2025-09-15,65.14
2025-09-16,65.04
2025-09-17,64.95
2025-09-18,64.87
2025-09-19,64.71
2025-09-20,64.7
2025-09-21,64.66
2025-09-22,64.58
2025-09-23,64.45
2025-09-24,64.33
2025-09-25,64.23
2025-09-26,64.17
2025-09-27,64.08
2025-09-28,64.11
2025-09-29,64.16
2025-09-30,64.28
2025-10-01,64.29
2025-10-02,64.29
2025-10-03,64.34
2025-10-04,64.38
2025-10-05,64.36
2025-10-06,64.36
2025-10-07,64.3
2025-10-08,64.28
2025-10-09,64.3
2025-10-10,64.37
2025-10-11,64.4
2025-10-12,64.48
2025-10-13,64.55
2025-10-14,64.71
2025-10-15,64.92
2025-10-16,65.04
2025-10-17,65.15
2025-10-18,65.12
2025-10-19,65.25
2025-10-20,65.34
2025-10-21,65.33
2025-10-22,65.26
2025-10-23,65.29
2025-10-24,65.33
2025-10-25,65.46
2025-10-26,65.46
2025-10-27,65.48
2025-10-28,65.61
2025-10-29,65.76
2025-10-30,65.92
2025-10-31,65.89
2025-11-01,65.79
2025-11-02,65.83
2025-11-03,65.9
2025-11-04,65.87
2025-11-05,65.87
2025-11-06,65.88
2025-11-07,66.04
2025-11-08,66.31
2025-11-09,66.32
2025-11-10,66.27
2025-11-11,66.31
2025-11-12,66.29
2025-11-13,66.23
2025-11-14,66.11
2025-11-15,66.16
2025-11-16,66.24
2025-11-17,66.27
2025-11-18,66.29
2025-11-19,66.26
2025-11-20,66.31
2025-11-21,66.34
2025-11-22,66.35
2025-11-23,66.35
2025-11-24,66.36
2025-11-25,66.34
2025-11-26,66.44
2025-11-27,66.51
2025-11-28,66.59
2025-11-29,66.58
2025-11-30,66.61
2025-12-01,66.65
2025-12-02,66.66
2025-12-03,66.57
2025-12-04,66.53
2025-12-05,66.5
2025-12-06,66.49
2025-12-07,66.53
2025-12-08,66.49
2025-12-09,66.51
2025-12-10,66.6
2025-12-11,66.64
2025-12-12,66.71
2025-12-13,66.83
2025-12-14,66.92
2025-12-15,67.0
2025-12-16,67.06
2025-12-17,67.08
2025-12-18,67.14
2025-12-19,67.18
2025-12-20,67.17
2025-12-21,67.08
2025-12-22,67.16
2025-12-23,67.22
2025-12-24,67.34
2025-12-25,67.37
2025-12-26,67.36
2025-12-27,67.32
2025-12-28,67.34
2025-12-29,67.28
2025-12-30,67.32
2025-12-31,67.3
2026-01-01,67.23
2026-01-02,67.2
2026-01-03,67.1
2026-01-04,67.02
2026-01-05,66.97
2026-01-06,66.93
2026-01-07,66.97
2026-01-08,67.07
2026-01-09,67.14
2026-01-10,67.3
2026-01-11,67.53
2026-01-12,67.64
2026-01-13,67.76
2026-01-14,67.8
2026-01-15,67.96
2026-01-16,68.17
2026-01-17,68.39
2026-01-18,68.51
2026-01-19,68.68
2026-01-20,68.73
2026-01-21,68.82
2026-01-22,68.85
2026-01-23,68.91
2026-01-24,68.95
2026-01-25,69.06
2026-01-26,69.11
2026-01-27,69.21
2026-01-28,69.29
2026-01-29,69.31
2026-01-30,69.31
2026-01-31,69.39
2026-02-01,69.42
2026-02-02,69.56
2026-02-03,69.67
2026-02-04,69.74
2026-02-05,69.73
2026-02-06,69.9
2026-02-07,69.87
2026-02-08,69.91
2026-02-09,69.88
2026-02-10,69.91
2026-02-11,69.89
2026-02-12,70.2
2026-02-13,70.27
2026-02-14,70.32
2026-02-15,70.39
2026-02-16,70.44
2026-02-17,70.43
2026-02-18,70.54
2026-02-19,70.46
2026-02-20,70.51
2026-02-21,70.67
2026-02-22,70.8
2026-02-23,70.85
2026-02-24,70.88
2026-02-25,70.9
2026-02-26,70.99
2026-02-27,70.96
2026-02-28,70.86
2026-03-01,70.71
2026-03-02,70.7
2026-03-03,70.63
2026-03-04,70.62
2026-03-05,70.55
2026-03-06,70.57
2026-03-07,70.67
2026-03-08,70.78
2026-03-09,71.03
2026-03-10,71.38
2026-03-11,71.48
2026-03-12,71.47
2026-03-13,71.43
2026-03-14,71.45
2026-03-15,71.4
2026-03-16,71.34
2026-03-17,70.95
2026-03-18,70.93
2026-03-19,71.15
2026-03-20,71.44
2026-03-21,71.67
2026-03-22,71.95
2026-03-23,72.14
2026-03-24,72.41
2026-03-25,72.68
2026-03-26,72.84
2026-03-27,72.75
2026-03-28,72.76
2026-03-29,72.75
2026-03-30,72.79
2026-03-31,72.88
2026-04-01,72.77
2026-04-02,72.53
2026-04-03,72.5
2026-04-04,72.33
2026-04-05,72.19
2026-04-06,71.96
2026-04-07,71.91
2026-04-08,71.87
2026-04-09,71.97
2026-04-10,72.2
2026-04-11,72.4
2026-04-12,72.63
2026-04-13,72.7
2026-04-14,72.83
2026-04-15,73.08
2026-04-16,73.2
2026-04-17,73.14
2026-04-18,73.18
2026-04-19,73.21
2026-04-20,73.37
2026-04-21,73.66
2026-04-22,73.98
2026-04-23,73.93
2026-04-24,73.72
2026-04-25,73.37
2026-04-26,73.21
2026-04-27,73.07
2026-04-28,72.77
2026-04-29,72.4
2026-04-30,72.59
2026-05-01,72.95
2026-05-02,73.33
2026-05-03,73.61
2026-05-04,73.86
2026-05-05,74.24
2026-05-06,74.43
2026-05-07,74.6
2026-05-08,74.65
2026-05-09,74.85
2026-05-10,74.76
2026-05-11,74.94
2026-05-12,74.8
2026-05-13,74.63
2026-05-14,74.31
2026-05-15,74.05
2026-05-16,73.74
2026-05-17,73.76
2026-05-18,73.6
2026-05-19,73.87
2026-05-20,74.11
2026-05-21,74.24
2026-05-22,74.43
2026-05-23,74.58
2026-05-24,74.71
2026-05-25,74.69
2026-05-26,74.29
2026-05-27,73.94
2026-05-28,73.84
2026-05-29,73.65
2026-05-30,73.63
2026-05-31,73.54
2026-06-01,73.42
2026-06-02,73.33
2026-06-03,73.48
2026-06-04,73.47
2026-06-05,73.5
2026-06-06,73.5
2026-06-07,73.46
2026-06-08,73.39
2026-06-09,73.39
2026-06-10,73.2
2026-06-11,73.01
2026-06-12,72.89
2026-06-13,72.7
2026-06-14,72.54
2026-06-15,72.49
2026-06-16,72.31
2026-06-17,72.32
2026-06-18,72.47
2026-06-19,72.68
2026-06-20,72.87
2026-06-21,73.09
2026-06-22,73.24
2026-06-23,73.46
2026-06-24,73.57
2026-06-25,73.6
2026-06-26,73.51
2026-06-27,73.53
2026-06-28,73.5
2026-06-29,73.39
2026-06-30,73.45
2026-07-01,73.48
2026-07-02,73.56
2026-07-03,73.8
2026-07-04,73.87
2026-07-05,74.0
2026-07-06,74.12
2026-07-07,74.15
2026-07-08,74.37
2026-07-09,74.48
2026-07-10,74.55
2026-07-11,74.79
2026-07-12,74.98
2026-07-13,75.22
2026-07-14,75.47
2026-07-15,75.55
2026-07-16,75.65
2026-07-17,75.6
2026-07-18,75.5
2026-07-19,75.41
2026-07-20,75.4
2026-07-21,75.31
2026-07-22,75.35
2026-07-23,75.36
2026-07-24,75.49
2026-07-25,75.56
2026-07-26,75.65
2026-07-27,75.75
2026-07-28,75.91
2026-07-29,75.94
2026-07-30,75.74
2026-07-31,75.45
2026-08-01,75.16
2026-08-02,74.87
2026-08-03,74.45
2026-08-04,74.06
2026-08-05,73.74
2026-08-06,73.67
2026-08-07,73.65
2026-08-08,73.7
2026-08-09,73.75
2026-08-10,73.84
2026-08-11,73.94
2026-08-12,74.1
2026-08-13,74.25
2026-08-14,74.37
2026-08-15,74.41
2026-08-16,74.46
2026-08-17,74.47
2026-08-18,74.54
2026-08-19,74.49
2026-08-20,74.49
2026-08-21,74.57
2026-08-22,74.65
2026-08-23,74.79
2026-08-24,74.82
2026-08-25,74.82
2026-08-26,74.79
2026-08-27,74.72
2026-08-28,74.61
2026-08-29,74.64
2026-08-30,74.62
2026-08-31,74.75
2026-09-01,74.86
2026-09-02,75.19
2026-09-03,75.59
2026-09-04,76.12
