date,ticker,adjusted_close
2015-01-31,ADBE,70.12999725341797
2015-01-31,CRM,55.489994049072266
2015-01-31,HUBS,33.650001525878906
2015-01-31,NOW,14.579999923706055
2015-01-31,SPY,164.74830627441406
2015-01-31,VEEV,28.760000228881836
2015-01-31,WDAY,79.45999908447266
2015-02-28,ADBE,79.0999984741211
2015-02-28,CRM,68.2000961303711
2015-02-28,HUBS,41.09000015258789
2015-02-28,NOW,15.251999855041504
2015-02-28,SPY,174.0078887939453
2015-02-28,VEEV,30.8700008392334
2015-02-28,WDAY,85.5
2015-03-31,ADBE,73.94000244140625
2015-03-31,CRM,65.6738052368164
2015-03-31,HUBS,39.900001525878906
2015-03-31,NOW,15.755999565124512
2015-03-31,SPY,171.27503967285156
2015-03-31,VEEV,25.530000686645508
2015-03-31,WDAY,84.41000366210938
2015-04-30,ADBE,76.05999755859375
2015-04-30,CRM,71.58160400390625
2015-04-30,HUBS,38.709999084472656
2015-04-30,NOW,14.972000122070312
2015-04-30,SPY,172.95932006835938
2015-04-30,VEEV,26.549999237060547
2015-04-30,WDAY,91.20999908447266
2015-05-31,ADBE,79.08999633789062
2015-05-31,CRM,71.51278686523438
2015-05-31,HUBS,50.79999923706055
2015-05-31,NOW,15.321999549865723
2015-05-31,SPY,175.1829071044922
2015-05-31,VEEV,27.1200008392334
2015-05-31,WDAY,78.91999816894531
2015-06-30,ADBE,81.01000213623047
2015-06-30,CRM,68.44583892822266
2015-06-30,HUBS,49.58000183105469
2015-06-30,NOW,14.862000465393066
2015-06-30,SPY,171.62451171875
2015-06-30,VEEV,28.030000686645508
2015-06-30,WDAY,76.38999938964844
2015-07-31,ADBE,81.98999786376953
2015-07-31,CRM,72.05342864990234
2015-07-31,HUBS,53.95000076293945
2015-07-31,NOW,16.100000381469727
2015-07-31,SPY,175.5013885498047
2015-07-31,VEEV,26.920000076293945
2015-07-31,WDAY,84.33000183105469
2015-08-31,ADBE,78.56999969482422
2015-08-31,CRM,68.1804428100586
2015-08-31,HUBS,47.290000915527344
2015-08-31,NOW,14.192000389099121
2015-08-31,SPY,164.80455017089844
2015-08-31,VEEV,25.899999618530273
2015-08-31,WDAY,70.26000213623047
2015-09-30,ADBE,82.22000122070312
2015-09-30,CRM,68.24925231933594
2015-09-30,HUBS,46.369998931884766
2015-09-30,NOW,13.890000343322754
2015-09-30,SPY,160.5994415283203
2015-09-30,VEEV,23.40999984741211
2015-09-30,WDAY,68.86000061035156
2015-10-31,ADBE,88.66000366210938
2015-10-31,CRM,76.38844299316406
2015-10-31,HUBS,51.880001068115234
2015-10-31,NOW,16.329999923706055
2015-10-31,SPY,174.25994873046875
2015-10-31,VEEV,25.3700008392334
2015-10-31,WDAY,78.97000122070312
2015-11-30,ADBE,91.45999908447266
2015-11-30,CRM,78.33477020263672
2015-11-30,HUBS,54.209999084472656
2015-11-30,NOW,17.402000427246094
2015-11-30,SPY,174.8969268798828
2015-11-30,VEEV,28.860000610351562
2015-11-30,WDAY,83.70999908447266
2015-12-31,ADBE,93.94000244140625
2015-12-31,CRM,77.06669616699219
2015-12-31,HUBS,56.310001373291016
2015-12-31,NOW,17.312000274658203
2015-12-31,SPY,171.87423706054688
2015-12-31,VEEV,28.850000381469727
2015-12-31,WDAY,79.68000030517578
2016-01-31,ADBE,89.12999725341797
2016-01-31,CRM,66.90255737304688
2016-01-31,HUBS,40.59000015258789
2016-01-31,NOW,12.442000389099121
2016-01-31,SPY,163.3171844482422
2016-01-31,VEEV,24.100000381469727
2016-01-31,WDAY,63.0099983215332
2016-02-29,ADBE,85.1500015258789
2016-02-29,CRM,66.59783935546875
2016-02-29,HUBS,41.65999984741211
2016-02-29,NOW,10.998000144958496
2016-02-29,SPY,163.18238830566406
2016-02-29,VEEV,24.290000915527344
2016-02-29,WDAY,60.45000076293945
2016-03-31,ADBE,93.80000305175781
2016-03-31,CRM,72.57442474365234
2016-03-31,HUBS,43.619998931884766
2016-03-31,NOW,12.236000061035156
2016-03-31,SPY,174.1589813232422
2016-03-31,VEEV,25.040000915527344
2016-03-31,WDAY,76.83999633789062
2016-04-30,ADBE,94.22000122070312
2016-04-30,CRM,74.51094055175781
2016-04-30,HUBS,44.290000915527344
2016-04-30,NOW,14.295999526977539
2016-04-30,SPY,174.84536743164062
2016-04-30,VEEV,27.510000228881836
2016-04-30,WDAY,74.9800033569336
2016-05-31,ADBE,99.47000122070312
2016-05-31,CRM,82.28640747070312
2016-05-31,HUBS,47.7599983215332
2016-05-31,NOW,14.326000213623047
2016-05-31,SPY,177.81976318359375
2016-05-31,VEEV,32.95000076293945
2016-05-31,WDAY,75.83999633789062
2016-06-30,ADBE,95.79000091552734
2016-06-30,CRM,78.05953979492188
2016-06-30,HUBS,43.41999816894531
2016-06-30,NOW,13.279999732971191
2016-06-30,SPY,178.43788146972656
2016-06-30,VEEV,34.119998931884766
2016-06-30,WDAY,74.66999816894531
2016-07-31,ADBE,97.86000061035156
2016-07-31,CRM,80.40890502929688
2016-07-31,HUBS,54.59000015258789
2016-07-31,NOW,14.984000205993652
2016-07-31,SPY,184.9456329345703
2016-07-31,VEEV,37.9900016784668
2016-07-31,WDAY,83.33999633789062
2016-08-31,ADBE,102.30999755859375
2016-08-31,CRM,78.0693588256836
2016-08-31,HUBS,55.7400016784668
2016-08-31,NOW,14.534000396728516
2016-08-31,SPY,185.1671905517578
2016-08-31,VEEV,40.91999816894531
2016-08-31,WDAY,84.79000091552734
2016-09-30,ADBE,108.54000091552734
2016-09-30,CRM,70.116943359375
2016-09-30,HUBS,57.619998931884766
2016-09-30,NOW,15.829999923706055
2016-09-30,SPY,185.1779327392578
2016-09-30,VEEV,41.279998779296875
2016-09-30,WDAY,91.69000244140625
2016-10-31,ADBE,107.51000213623047
2016-10-31,CRM,73.8818130493164
2016-10-31,HUBS,52.45000076293945
2016-10-31,NOW,17.582000732421875
2016-10-31,SPY,181.96743774414062
2016-10-31,VEEV,38.849998474121094
2016-10-31,WDAY,86.68000030517578
2016-11-30,ADBE,102.80999755859375
2016-11-30,CRM,70.7755355834961
2016-11-30,HUBS,56.099998474121094
2016-11-30,NOW,16.6299991607666
2016-11-30,SPY,188.6708221435547
2016-11-30,VEEV,46.47999954223633
2016-11-30,WDAY,84.31999969482422
2016-12-31,ADBE,102.94999694824219
2016-12-31,CRM,67.29576110839844
2016-12-31,HUBS,47.0
2016-12-31,NOW,14.868000030517578
2016-12-31,SPY,192.49557495117188
2016-12-31,VEEV,40.70000076293945
2016-12-31,WDAY,66.08999633789062
2017-01-31,ADBE,113.37999725341797
2017-01-31,CRM,77.75480651855469
2017-01-31,HUBS,51.29999923706055
2017-01-31,NOW,18.124000549316406
2017-01-31,SPY,195.94015502929688
2017-01-31,VEEV,42.33000183105469
2017-01-31,WDAY,83.08999633789062
2017-02-28,ADBE,118.33999633789062
2017-02-28,CRM,79.96653747558594
2017-02-28,HUBS,59.5
2017-02-28,NOW,17.384000778198242
2017-02-28,SPY,203.6389923095703
2017-02-28,VEEV,43.689998626708984
2017-02-28,WDAY,82.93000030517578
2017-03-31,ADBE,130.1300048828125
2017-03-31,CRM,81.08714294433594
2017-03-31,HUBS,60.54999923706055
2017-03-31,NOW,17.493999481201172
2017-03-31,SPY,203.89356994628906
2017-03-31,VEEV,51.279998779296875
2017-03-31,WDAY,83.27999877929688
2017-04-30,ADBE,133.74000549316406
2017-04-30,CRM,84.6554183959961
2017-04-30,HUBS,67.05000305175781
2017-04-30,NOW,18.895999908447266
2017-04-30,SPY,205.91746520996094
2017-04-30,VEEV,53.619998931884766
2017-04-30,WDAY,87.4000015258789
2017-05-31,ADBE,141.86000061035156
2017-05-31,CRM,88.11555480957031
2017-05-31,HUBS,72.0999984741211
2017-05-31,NOW,20.93000030517578
2017-05-31,SPY,208.8235321044922
2017-05-31,VEEV,63.540000915527344
2017-05-31,WDAY,99.9800033569336
2017-06-30,ADBE,141.44000244140625
2017-06-30,CRM,85.12725067138672
2017-06-30,HUBS,65.75
2017-06-30,NOW,21.200000762939453
2017-06-30,SPY,210.15475463867188
2017-06-30,VEEV,61.310001373291016
2017-06-30,WDAY,97.0
2017-07-31,ADBE,146.49000549316406
2017-07-31,CRM,89.2558364868164
2017-07-31,HUBS,72.3499984741211
2017-07-31,NOW,22.09000015258789
2017-07-31,SPY,214.4742889404297
2017-07-31,VEEV,63.7599983215332
2017-07-31,WDAY,102.11000061035156
2017-08-31,ADBE,155.16000366210938
2017-08-31,CRM,93.8660659790039
2017-08-31,HUBS,73.3499984741211
2017-08-31,NOW,23.238000869750977
2017-08-31,SPY,215.10008239746094
2017-08-31,VEEV,59.5
2017-08-31,WDAY,109.69000244140625
2017-09-30,ADBE,149.17999267578125
2017-09-30,CRM,91.83126068115234
2017-09-30,HUBS,84.05000305175781
2017-09-30,NOW,23.506000518798828
2017-09-30,SPY,219.43426513671875
2017-09-30,VEEV,56.40999984741211
2017-09-30,WDAY,105.38999938964844
2017-10-31,ADBE,175.16000366210938
2017-10-31,CRM,100.59957885742188
2017-10-31,HUBS,86.55000305175781
2017-10-31,MDB,30.479999542236328
2017-10-31,NOW,25.27400016784668
2017-10-31,SPY,224.6050567626953
2017-10-31,VEEV,60.939998626708984
2017-10-31,WDAY,110.98999786376953
2017-11-30,ADBE,181.47000122070312
2017-11-30,CRM,102.54591369628906
2017-11-30,HUBS,80.94999694824219
2017-11-30,MDB,28.530000686645508
2017-11-30,NOW,24.600000381469727
2017-11-30,SPY,231.47024536132812
2017-11-30,VEEV,60.209999084472656
2017-11-30,WDAY,103.0
2017-12-31,ADBE,175.24000549316406
2017-12-31,CRM,100.491455078125
2017-12-31,HUBS,88.4000015258789
2017-12-31,MDB,29.68000030517578
2017-12-31,NOW,26.077999114990234
2017-12-31,SPY,234.27757263183594
2017-12-31,VEEV,55.279998779296875
2017-12-31,WDAY,101.73999786376953
2018-01-31,ADBE,199.75999450683594
2018-01-31,CRM,111.97281646728516
2018-01-31,HUBS,97.05000305175781
2018-01-31,MDB,27.110000610351562
2018-01-31,NOW,29.77400016784668
2018-01-31,SPY,247.4811553955078
2018-01-31,VEEV,62.86000061035156
2018-01-31,WDAY,119.88999938964844
2018-02-28,ADBE,209.1300048828125
2018-02-28,CRM,114.27301788330078
2018-02-28,HUBS,111.05000305175781
2018-02-28,MDB,32.209999084472656
2018-02-28,NOW,32.20199966430664
2018-02-28,SPY,238.48263549804688
2018-02-28,VEEV,69.69999694824219
2018-02-28,WDAY,126.66999816894531
2018-03-31,ADBE,216.0800018310547
2018-03-31,CRM,114.32217407226562
2018-03-31,HUBS,108.30000305175781
2018-03-31,MDB,43.400001525878906
2018-03-31,NOW,33.09000015258789
2018-03-31,SPY,231.94570922851562
2018-03-31,VEEV,73.0199966430664
2018-03-31,WDAY,127.11000061035156
2018-03-31,ZS,28.06999969482422
2018-04-30,ADBE,221.60000610351562
2018-04-30,CRM,118.93240356445312
2018-04-30,HUBS,105.9000015258789
2018-04-30,MDB,35.9900016784668
2018-04-30,NOW,33.22800064086914
2018-04-30,SPY,233.1444549560547
2018-04-30,VEEV,70.12999725341797
2018-04-30,WDAY,124.83999633789062
2018-04-30,ZS,29.889999389648438
2018-05-31,ADBE,249.27999877929688
2018-05-31,CRM,127.13056945800781
2018-05-31,HUBS,121.19999694824219
2018-05-31,MDB,47.130001068115234
2018-05-31,NOW,35.52199935913086
2018-05-31,SPY,238.81195068359375
2018-05-31,VEEV,77.36000061035156
2018-05-31,WDAY,130.9600067138672
2018-05-31,ZS,26.260000228881836
2018-06-30,ADBE,243.80999755859375
2018-06-30,CRM,134.08033752441406
2018-06-30,HUBS,125.4000015258789
2018-06-30,MDB,49.630001068115234
2018-06-30,NOW,34.49399948120117
2018-06-30,SPY,240.1854248046875
2018-06-30,VEEV,76.86000061035156
2018-06-30,WDAY,121.12000274658203
2018-06-30,ZS,35.75
2018-07-31,ADBE,244.67999267578125
2018-07-31,CRM,134.8175811767578
2018-07-31,HUBS,124.0999984741211
2018-07-31,MDB,54.11000061035156
2018-07-31,NOW,35.19200134277344
2018-07-31,SPY,249.08346557617188
2018-07-31,VEEV,75.62999725341797
2018-07-31,WDAY,124.0199966430664
2018-07-31,ZS,35.310001373291016
2018-08-31,ADBE,263.510009765625
2018-08-31,CRM,150.08348083496094
2018-08-31,HUBS,143.6999969482422
2018-08-31,MDB,71.95999908447266
2018-08-31,NOW,39.27199935913086
2018-08-31,SPY,257.0341796875
2018-08-31,VEEV,104.36000061035156
2018-08-31,WDAY,154.5399932861328
2018-08-31,ZS,42.790000915527344
2018-09-30,ADBE,269.95001220703125
2018-09-30,CRM,156.32546997070312
2018-09-30,HUBS,150.9499969482422
2018-09-30,MDB,81.55000305175781
2018-09-30,NOW,39.125999450683594
2018-09-30,SPY,258.56231689453125
2018-09-30,VEEV,108.87000274658203
2018-09-30,WDAY,145.97999572753906
2018-09-30,ZS,40.779998779296875
2018-10-31,ADBE,245.75999450683594
2018-10-31,CRM,134.9060821533203
2018-10-31,HUBS,135.64999389648438
2018-10-31,MDB,81.5
2018-10-31,NOW,36.20800018310547
2018-10-31,SPY,240.69454956054688
2018-10-31,VEEV,91.3499984741211
2018-10-31,WDAY,133.02000427246094
2018-10-31,ZS,36.290000915527344
2018-11-30,ADBE,250.88999938964844
2018-11-30,CRM,140.3321990966797
2018-11-30,HUBS,139.02999877929688
2018-11-30,MDB,82.9000015258789
2018-11-30,NOW,37.05400085449219
2018-11-30,SPY,245.15924072265625
2018-11-30,VEEV,96.16000366210938
2018-11-30,WDAY,164.0
2018-11-30,ZS,39.2599983215332
2018-12-31,ADBE,226.24000549316406
2018-12-31,CRM,134.64068603515625
2018-12-31,HUBS,125.7300033569336
2018-12-31,MDB,83.73999786376953
2018-12-31,NOW,35.61000061035156
2018-12-31,SPY,223.5733642578125
2018-12-31,VEEV,89.31999969482422
2018-12-31,WDAY,159.67999267578125
2018-12-31,ZS,39.209999084472656
2019-01-31,ADBE,247.82000732421875
2019-01-31,CRM,149.38555908203125
2019-01-31,HUBS,158.30999755859375
2019-01-31,MDB,92.36000061035156
2019-01-31,NOW,44.00400161743164
2019-01-31,SPY,241.473876953125
2019-01-31,VEEV,109.05999755859375
2019-01-31,WDAY,181.52999877929688
2019-01-31,ZS,48.369998931884766
2019-02-28,ADBE,262.5
2019-02-28,CRM,160.86692810058594
2019-02-28,HUBS,168.3800048828125
2019-02-28,MDB,101.55999755859375
2019-02-28,NOW,47.88800048828125
2019-02-28,SPY,249.3014678955078
2019-02-28,VEEV,117.91000366210938
2019-02-28,WDAY,197.92999267578125
2019-02-28,ZS,49.68000030517578
2019-03-31,ADBE,266.489990234375
2019-03-31,CRM,155.6767120361328
2019-03-31,HUBS,166.2100067138672
2019-03-31,MDB,147.02000427246094
2019-03-31,NOW,49.29800033569336
2019-03-31,SPY,253.8140106201172
2019-03-31,VEEV,126.86000061035156
2019-03-31,WDAY,192.85000610351562
2019-03-31,ZS,70.93000030517578
2019-04-30,ADBE,289.25
2019-04-30,CRM,162.5380096435547
2019-04-30,HUBS,184.49000549316406
2019-04-30,MDB,140.9199981689453
2019-04-30,NOW,54.301998138427734
2019-04-30,SPY,264.1828308105469
2019-04-30,VEEV,139.8699951171875
2019-04-30,WDAY,205.6300048828125
2019-04-30,ZS,68.30999755859375
2019-05-31,ADBE,270.8999938964844
2019-05-31,CRM,148.8350830078125
2019-05-31,HUBS,173.27999877929688
2019-05-31,MDB,140.33999633789062
2019-05-31,NOW,52.38600158691406
2019-05-31,SPY,247.33560180664062
2019-05-31,VEEV,154.2899932861328
2019-05-31,WDAY,204.1199951171875
2019-05-31,ZS,68.62999725341797
2019-06-30,ADBE,294.6499938964844
2019-06-30,CRM,149.14964294433594
2019-06-30,CRWD,17.072500228881836
2019-06-30,HUBS,170.52000427246094
2019-06-30,MDB,152.08999633789062
2019-06-30,NOW,54.91400146484375
2019-06-30,SPY,264.546875
2019-06-30,VEEV,162.11000061035156
2019-06-30,WDAY,205.5800018310547
2019-06-30,ZS,76.63999938964844
2019-07-31,ADBE,298.8599853515625
2019-07-31,CRM,151.8725128173828
2019-07-31,CRWD,22.267499923706055
2019-07-31,HUBS,178.72000122070312
2019-07-31,MDB,143.22000122070312
2019-07-31,NOW,55.47800064086914
2019-07-31,SPY,268.5466613769531
2019-07-31,VEEV,165.89999389648438
2019-07-31,WDAY,199.97999572753906
2019-07-31,ZS,84.2699966430664
2019-08-31,ADBE,284.510009765625
2019-08-31,CRM,153.41583251953125
2019-08-31,CRWD,20.31999969482422
2019-08-31,HUBS,199.67999267578125
2019-08-31,MDB,152.30999755859375
2019-08-31,NOW,52.36800003051758
2019-08-31,SPY,264.0502624511719
2019-08-31,VEEV,160.3800048828125
2019-08-31,WDAY,177.27999877929688
2019-08-31,ZS,68.73999786376953
2019-09-30,ADBE,276.25
2019-09-30,CRM,145.91555786132812
2019-09-30,CRWD,14.577500343322754
2019-09-30,DDOG,33.90999984741211
2019-09-30,HUBS,151.61000061035156
2019-09-30,MDB,120.4800033569336
2019-09-30,NET,18.56999969482422
2019-09-30,NOW,50.77000045776367
2019-09-30,SPY,269.18804931640625
2019-09-30,VEEV,152.69000244140625
2019-09-30,WDAY,169.9600067138672
2019-09-30,ZS,47.2599983215332
2019-10-31,ADBE,277.92999267578125
2019-10-31,CRM,153.82867431640625
2019-10-31,CRWD,12.477499961853027
2019-10-31,DDOG,33.59000015258789
2019-10-31,HUBS,155.10000610351562
2019-10-31,MDB,127.7699966430664
2019-10-31,NET,16.84000015258789
2019-10-31,NOW,49.45199966430664
2019-10-31,SPY,275.1383972167969
2019-10-31,VEEV,141.8300018310547
2019-10-31,WDAY,162.16000366210938
2019-10-31,ZS,43.97999954223633
2019-11-30,ADBE,309.5299987792969
2019-11-30,CRM,160.11984252929688
2019-11-30,CRWD,14.5
2019-11-30,DDOG,40.77000045776367
2019-11-30,HUBS,151.0
2019-11-30,MDB,148.6999969482422
2019-11-30,NET,19.479999542236328
2019-11-30,NOW,56.608001708984375
2019-11-30,SPY,285.09796142578125
2019-11-30,VEEV,149.17999267578125
2019-11-30,WDAY,179.1199951171875
2019-11-30,ZS,52.130001068115234
2019-12-31,ADBE,329.80999755859375
2019-12-31,CRM,159.8740997314453
2019-12-31,CRWD,12.467499732971191
2019-12-31,DDOG,37.779998779296875
2019-12-31,HUBS,158.5
2019-12-31,MDB,131.61000061035156
2019-12-31,NET,17.059999465942383
2019-12-31,NOW,56.4640007019043
2019-12-31,SPY,293.3817138671875
2019-12-31,VEEV,140.66000366210938
2019-12-31,WDAY,164.4499969482422
2019-12-31,ZS,46.5
2020-01-31,ADBE,351.1400146484375
2020-01-31,CRM,179.20957946777344
2020-01-31,CRWD,15.272500038146973
2020-01-31,DDOG,46.209999084472656
2020-01-31,HUBS,180.94000244140625
2020-01-31,MDB,163.91000366210938
2020-01-31,NET,17.860000610351562
2020-01-31,NOW,67.64600372314453
2020-01-31,SPY,293.26312255859375
2020-01-31,VEEV,146.61000061035156
2020-01-31,WDAY,184.6300048828125
2020-01-31,ZS,56.09000015258789
2020-02-29,ADBE,345.1199951171875
2020-02-29,CRM,167.5021209716797
2020-02-29,CRWD,14.90999984741211
2020-02-29,DDOG,45.150001525878906
2020-02-29,HUBS,179.4499969482422
2020-02-29,MDB,152.5
2020-02-29,NET,21.299999237060547
2020-02-29,NOW,65.21800231933594
2020-02-29,SPY,270.0467529296875
2020-02-29,VEEV,141.97000122070312
2020-02-29,WDAY,173.25
2020-02-29,ZS,51.9900016784668
2020-03-31,ADBE,318.239990234375
2020-03-31,CRM,141.5314178466797
2020-03-31,CRWD,13.920000076293945
2020-03-31,DDOG,35.97999954223633
2020-03-31,HUBS,133.19000244140625
2020-03-31,MDB,136.5399932861328
2020-03-31,NET,23.479999542236328
2020-03-31,NOW,57.316001892089844
2020-03-31,SPY,236.3256378173828
2020-03-31,VEEV,156.3699951171875
2020-03-31,WDAY,130.22000122070312
2020-03-31,ZS,60.86000061035156
2020-04-30,ADBE,353.6400146484375
2020-04-30,CRM,159.19583129882812
2020-04-30,CRWD,16.915000915527344
2020-04-30,DDOG,45.119998931884766
2020-04-30,HUBS,168.6300048828125
2020-04-30,MDB,162.1300048828125
2020-04-30,NET,23.559999465942383
2020-04-30,NOW,70.30799865722656
2020-04-30,SPY,266.3351135253906
2020-04-30,VEEV,190.8000030517578
2020-04-30,WDAY,153.89999389648438
2020-04-30,ZS,67.08000183105469
2020-05-31,ADBE,386.6000061035156
2020-05-31,CRM,171.8174591064453
2020-05-31,CRWD,21.952499389648438
2020-05-31,DDOG,71.2699966430664
2020-05-31,HUBS,199.94000244140625
2020-05-31,MDB,232.11000061035156
2020-05-31,NET,29.06999969482422
2020-05-31,NOW,77.58599853515625
2020-05-31,SPY,279.02471923828125
2020-05-31,VEEV,218.8699951171875
2020-05-31,WDAY,183.42999267578125
2020-05-31,ZS,98.08999633789062
2020-06-30,ADBE,435.30999755859375
2020-06-30,CRM,184.1442108154297
2020-06-30,CRWD,25.072500228881836
2020-06-30,DDOG,86.94999694824219
2020-06-30,HUBS,224.35000610351562
2020-06-30,MDB,226.33999633789062
2020-06-30,NET,35.95000076293945
2020-06-30,NOW,81.01200103759766
2020-06-30,SPY,283.9731140136719
2020-06-30,VEEV,234.4199981689453
2020-06-30,WDAY,187.36000061035156
2020-06-30,ZS,109.5
2020-07-31,ADBE,444.32000732421875
2020-07-31,CRM,191.53631591796875
2020-07-31,CRWD,28.299999237060547
2020-07-31,DDOG,93.86000061035156
2020-07-31,HUBS,234.61000061035156
2020-07-31,MDB,229.0800018310547
2020-07-31,NET,41.619998931884766
2020-07-31,NOW,87.83999633789062
2020-07-31,SPY,300.69683837890625
2020-07-31,VEEV,264.57000732421875
2020-07-31,WDAY,180.9199981689453
2020-07-31,ZS,129.85000610351562
2020-08-31,ADBE,513.3900146484375
2020-08-31,CRM,268.0132141113281
2020-08-31,CRWD,31.4325008392334
2020-08-31,DDOG,83.55000305175781
2020-08-31,HUBS,299.67999267578125
2020-08-31,MDB,233.8000030517578
2020-08-31,NET,38.2599983215332
2020-08-31,NOW,96.40399932861328
2020-08-31,SPY,321.6845397949219
2020-08-31,VEEV,282.2699890136719
2020-08-31,WDAY,239.7100067138672
2020-08-31,ZS,143.33999633789062
2020-09-30,ADBE,490.42999267578125
2020-09-30,CRM,247.04598999023438
2020-09-30,CRWD,34.33000183105469
2020-09-30,DDOG,102.16000366210938
2020-09-30,HUBS,292.2300109863281
2020-09-30,MDB,231.50999450683594
2020-09-30,NET,41.060001373291016
2020-09-30,NOW,97.0
2020-09-30,SNOW,251.0
2020-09-30,SPY,309.6395263671875
2020-09-30,VEEV,281.19000244140625
2020-09-30,WDAY,215.1300048828125
2020-09-30,ZS,140.69000244140625
2020-10-31,ADBE,447.1000061035156
2020-10-31,CRM,228.31996154785156
2020-10-31,CRWD,30.959999084472656
2020-10-31,DDOG,90.75
2020-10-31,HUBS,290.07000732421875
2020-10-31,MDB,228.47000122070312
2020-10-31,NET,51.970001220703125
2020-10-31,NOW,99.51399993896484
2020-10-31,SNOW,250.02000427246094
2020-10-31,SPY,301.91912841796875
2020-10-31,VEEV,270.04998779296875
2020-10-31,WDAY,210.1199951171875
2020-10-31,ZS,135.75
2020-11-30,ADBE,478.4700012207031
2020-11-30,CRM,241.61984252929688
2020-11-30,CRWD,38.31999969482422
2020-11-30,DDOG,98.91999816894531
2020-11-30,HUBS,394.3299865722656
2020-11-30,MDB,287.30999755859375
2020-11-30,NET,75.08000183105469
2020-11-30,NOW,106.91000366210938
2020-11-30,SNOW,325.8399963378906
2020-11-30,SPY,334.7608642578125
2020-11-30,VEEV,276.8699951171875
2020-11-30,WDAY,224.7899932861328
2020-11-30,ZS,155.75
2020-12-31,ADBE,500.1199951171875
2020-12-31,CRM,218.74560546875
2020-12-31,CRWD,52.95500183105469
2020-12-31,DDOG,98.44000244140625
2020-12-31,HUBS,396.44000244140625
2020-12-31,MDB,359.0400085449219
2020-12-31,NET,75.98999786376953
2020-12-31,NOW,110.08599853515625
2020-12-31,SNOW,281.3999938964844
2020-12-31,SPY,347.1632385253906
2020-12-31,VEEV,272.25
2020-12-31,WDAY,239.61000061035156
2020-12-31,ZS,199.7100067138672
2021-01-31,ADBE,458.7699890136719
2021-01-31,CRM,221.72406005859375
2021-01-31,CRWD,53.95000076293945
2021-01-31,DDOG,102.75
2021-01-31,HUBS,372.20001220703125
2021-01-31,MDB,369.6099853515625
2021-01-31,NET,76.66000366210938
2021-01-31,NOW,108.63200378417969
2021-01-31,SNOW,272.45001220703125
2021-01-31,SPY,343.6253967285156
2021-01-31,VEEV,276.44000244140625
2021-01-31,WDAY,227.52999877929688
2021-01-31,ZS,199.6999969482422
2021-02-28,ADBE,459.6700134277344
2021-02-28,CRM,212.81814575195312
2021-02-28,CRWD,54.0
2021-02-28,DDOG,95.41000366210938
2021-02-28,HUBS,515.0
2021-02-28,MDB,385.92999267578125
2021-02-28,NET,73.97000122070312
2021-02-28,NOW,106.69200134277344
2021-02-28,SNOW,259.5400085449219
2021-02-28,SPY,353.18017578125
2021-02-28,VEEV,280.1099853515625
2021-02-28,WDAY,245.17999267578125
2021-02-28,ZS,205.02999877929688
2021-03-31,ADBE,475.3699951171875
2021-03-31,CRM,208.26686096191406
2021-03-31,CRWD,45.627498626708984
2021-03-31,DDOG,83.33999633789062
2021-03-31,HUBS,454.2099914550781
2021-03-31,MDB,267.42999267578125
2021-03-31,NET,70.26000213623047
2021-03-31,NOW,100.02200317382812
2021-03-31,SNOW,229.27999877929688
2021-03-31,SPY,369.2142639160156
2021-03-31,VEEV,261.239990234375
2021-03-31,WDAY,248.42999267578125
2021-03-31,ZS,171.6699981689453
2021-04-30,ADBE,508.3399963378906
2021-04-30,CRM,226.4031219482422
2021-04-30,CRWD,52.127498626708984
2021-04-30,DDOG,85.7699966430664
2021-04-30,HUBS,526.4500122070312
2021-04-30,MDB,297.4599914550781
2021-04-30,NET,84.73999786376953
2021-04-30,NOW,101.27400207519531
2021-04-30,SNOW,231.58999633789062
2021-04-30,SPY,388.74957275390625
2021-04-30,VEEV,282.45001220703125
2021-04-30,WDAY,247.0
2021-04-30,ZS,187.63999938964844
2021-05-31,ADBE,504.5799865722656
2021-05-31,CRM,234.05079650878906
2021-05-31,CRWD,55.537498474121094
2021-05-31,DDOG,91.05000305175781
2021-05-31,HUBS,504.3800048828125
2021-05-31,MDB,291.94000244140625
2021-05-31,NET,82.05999755859375
2021-05-31,NOW,94.7760009765625
2021-05-31,SNOW,238.02999877929688
2021-05-31,SPY,391.30206298828125
2021-05-31,VEEV,291.3399963378906
2021-05-31,WDAY,228.72000122070312
2021-05-31,ZS,194.1999969482422
2021-06-30,ADBE,585.6400146484375
2021-06-30,CRM,240.11587524414062
2021-06-30,CRWD,62.82749938964844
2021-06-30,DDOG,104.08000183105469
2021-06-30,HUBS,582.719970703125
2021-06-30,MDB,361.5199890136719
2021-06-30,NET,105.83999633789062
2021-06-30,NOW,109.91000366210938
2021-06-30,SNOW,241.8000030517578
2021-06-30,SPY,400.0780334472656
2021-06-30,VEEV,310.95001220703125
2021-06-30,WDAY,238.74000549316406
2021-06-30,ZS,216.05999755859375
2021-07-31,ADBE,621.6300048828125
2021-07-31,CRM,237.81564331054688
2021-07-31,CRWD,63.40250015258789
2021-07-31,DDOG,110.69999694824219
2021-07-31,HUBS,596.02001953125
2021-07-31,MDB,358.9200134277344
2021-07-31,NET,118.62999725341797
2021-07-31,NOW,117.5780029296875
2021-07-31,SNOW,265.7200012207031
2021-07-31,SPY,409.844970703125
2021-07-31,VEEV,332.7099914550781
2021-07-31,WDAY,234.39999389648438
2021-07-31,ZS,235.91000366210938
2021-08-31,ADBE,663.7000122070312
2021-08-31,CRM,260.7587585449219
2021-08-31,CRWD,70.25
2021-08-31,DDOG,137.8000030517578
2021-08-31,HUBS,684.469970703125
2021-08-31,MDB,391.8299865722656
2021-08-31,NET,120.73999786376953
2021-08-31,NOW,128.72799682617188
2021-08-31,SNOW,304.3500061035156
2021-08-31,SPY,422.0417785644531
2021-08-31,VEEV,331.9800109863281
2021-08-31,WDAY,273.1600036621094
2021-08-31,ZS,278.3399963378906
2021-09-30,ADBE,575.719970703125
2021-09-30,CRM,266.6075134277344
2021-09-30,CRWD,61.44499969482422
2021-09-30,DDOG,141.35000610351562
2021-09-30,HUBS,676.0900268554688
2021-09-30,MDB,471.510009765625
2021-09-30,NET,112.6500015258789
2021-09-30,NOW,124.4540023803711
2021-09-30,SNOW,302.42999267578125
2021-09-30,SPY,402.3724670410156
2021-09-30,VEEV,288.1700134277344
2021-09-30,WDAY,249.88999938964844
2021-09-30,ZS,262.2200012207031
2021-10-31,ADBE,650.3599853515625
2021-10-31,CRM,294.5934143066406
2021-10-31,CRWD,70.44999694824219
2021-10-31,DDOG,167.0500030517578
2021-10-31,HUBS,810.22998046875
2021-10-31,MDB,521.2899780273438
2021-10-31,NET,194.72000122070312
2021-10-31,NOW,139.552001953125
2021-10-31,SNOW,353.8399963378906
2021-10-31,SPY,430.6042785644531
2021-10-31,VEEV,317.010009765625
2021-10-31,WDAY,289.9800109863281
2021-10-31,ZS,318.8599853515625
2021-11-30,ADBE,669.8499755859375
2021-11-30,CRM,280.1138916015625
2021-11-30,CRWD,54.28499984741211
2021-11-30,DDOG,178.2899932861328
2021-11-30,HUBS,806.9099731445312
2021-11-30,MDB,498.1000061035156
2021-11-30,NET,188.24000549316406
2021-11-30,NOW,129.5399932861328
2021-11-30,SNOW,340.1499938964844
2021-11-30,SPY,427.1444396972656
2021-11-30,VEEV,282.5799865722656
2021-11-30,WDAY,274.2300109863281
2021-11-30,ZS,346.9700012207031
2021-12-31,ADBE,567.0599975585938
2021-12-31,CRM,249.8081817626953
2021-12-31,CRWD,51.1875
2021-12-31,DDOG,178.11000061035156
2021-12-31,HUBS,659.1500244140625
2021-12-31,MDB,529.3499755859375
2021-12-31,NET,131.5
2021-12-31,NOW,129.82200622558594
2021-12-31,SNOW,338.75
2021-12-31,SPY,446.89892578125
2021-12-31,VEEV,255.47999572753906
2021-12-31,WDAY,273.17999267578125
2021-12-31,ZS,321.3299865722656
2022-01-31,ADBE,534.2999877929688
2022-01-31,CRM,228.67384338378906
2022-01-31,CRWD,45.15999984741211
2022-01-31,DDOG,146.11000061035156
2022-01-31,HUBS,488.79998779296875
2022-01-31,MDB,405.1099853515625
2022-01-31,NET,96.4000015258789
2022-01-31,NOW,117.15599822998047
2022-01-31,SNOW,275.8999938964844
2022-01-31,SPY,423.32891845703125
2022-01-31,VEEV,236.5399932861328
2022-01-31,WDAY,253.00999450683594
2022-01-31,ZS,257.1099853515625
2022-02-28,ADBE,467.67999267578125
2022-02-28,CRM,206.94964599609375
2022-02-28,CRWD,48.8025016784668
2022-02-28,DDOG,161.11000061035156
2022-02-28,HUBS,525.0
2022-02-28,MDB,381.989990234375
2022-02-28,NET,116.41999816894531
2022-02-28,NOW,115.98400115966797
2022-02-28,SNOW,265.6600036621094
2022-02-28,SPY,410.83355712890625
2022-02-28,VEEV,229.0500030517578
2022-02-28,WDAY,229.0500030517578
2022-02-28,ZS,239.14999389648438
2022-03-31,ADBE,455.6199951171875
2022-03-31,CRM,208.709228515625
2022-03-31,CRWD,56.77000045776367
2022-03-31,DDOG,151.47000122070312
2022-03-31,HUBS,474.94000244140625
2022-03-31,MDB,443.5899963378906
2022-03-31,NET,119.69999694824219
2022-03-31,NOW,111.37799835205078
2022-03-31,SNOW,229.1300048828125
2022-03-31,SPY,426.2768859863281
2022-03-31,VEEV,212.4600067138672
2022-03-31,WDAY,239.4600067138672
2022-03-31,ZS,241.27999877929688
2022-04-30,ADBE,395.95001220703125
2022-04-30,CRM,172.9479217529297
2022-04-30,CRWD,49.689998626708984
2022-04-30,DDOG,120.77999877929688
2022-04-30,HUBS,379.42999267578125
2022-04-30,MDB,354.92999267578125
2022-04-30,NET,86.13999938964844
2022-04-30,NOW,95.62000274658203
2022-04-30,SNOW,171.44000244140625
2022-04-30,SPY,388.86297607421875
2022-04-30,VEEV,181.9499969482422
2022-04-30,WDAY,206.6999969482422
2022-04-30,ZS,202.74000549316406
2022-05-31,ADBE,416.4800109863281
2022-05-31,CRM,157.51492309570312
2022-05-31,CRWD,39.997501373291016
2022-05-31,DDOG,95.38999938964844
2022-05-31,HUBS,337.69000244140625
2022-05-31,MDB,237.14999389648438
2022-05-31,NET,56.0
2022-05-31,NOW,93.49400329589844
2022-05-31,SNOW,127.6500015258789
2022-05-31,SPY,389.7407531738281
2022-05-31,VEEV,170.25999450683594
2022-05-31,WDAY,156.3000030517578
2022-05-31,ZS,153.08999633789062
2022-06-30,ADBE,366.05999755859375
2022-06-30,CRM,162.23329162597656
2022-06-30,CRWD,42.13999938964844
2022-06-30,DDOG,95.23999786376953
2022-06-30,HUBS,300.6499938964844
2022-06-30,MDB,259.5
2022-06-30,NET,43.75
2022-06-30,NOW,95.10399627685547
2022-06-30,SNOW,139.05999755859375
2022-06-30,SPY,357.6025695800781
2022-06-30,VEEV,198.0399932861328
2022-06-30,WDAY,139.5800018310547
2022-06-30,ZS,149.50999450683594
2022-07-31,ADBE,410.1199951171875
2022-07-31,CRM,180.8905029296875
2022-07-31,CRWD,45.900001525878906
2022-07-31,DDOG,102.01000213623047
2022-07-31,HUBS,308.0
2022-07-31,MDB,312.4700012207031
2022-07-31,NET,50.31999969482422
2022-07-31,NOW,89.33200073242188
2022-07-31,SNOW,149.91000366210938
2022-07-31,SPY,390.53326416015625
2022-07-31,VEEV,223.5800018310547
2022-07-31,WDAY,155.10000610351562
2022-07-31,ZS,155.05999755859375
2022-08-31,ADBE,373.44000244140625
2022-08-31,CRM,153.4649658203125
2022-08-31,CRWD,45.65250015258789
2022-08-31,DDOG,104.94999694824219
2022-08-31,HUBS,337.0400085449219
2022-08-31,MDB,322.8599853515625
2022-08-31,NET,62.56999969482422
2022-08-31,NOW,86.92400360107422
2022-08-31,SNOW,180.9499969482422
2022-08-31,SPY,374.59881591796875
2022-08-31,VEEV,199.32000732421875
2022-08-31,WDAY,164.55999755859375
2022-08-31,ZS,159.24000549316406
2022-09-30,ADBE,275.20001220703125
2022-09-30,CRM,141.39381408691406
2022-09-30,CRWD,41.20249938964844
2022-09-30,DDOG,88.77999877929688
2022-09-30,HUBS,270.1199951171875
2022-09-30,MDB,198.55999755859375
2022-09-30,NET,55.310001373291016
2022-09-30,NOW,75.52200317382812
2022-09-30,SNOW,169.9600067138672
2022-09-30,SPY,339.96868896484375
2022-09-30,VEEV,164.8800048828125
2022-09-30,WDAY,152.22000122070312
2022-09-30,ZS,164.3699951171875
2022-10-31,ADBE,318.5
2022-10-31,CRM,159.824951171875
2022-10-31,CRWD,40.29999923706055
2022-10-31,DDOG,80.51000213623047
2022-10-31,HUBS,296.55999755859375
2022-10-31,MDB,183.02999877929688
2022-10-31,NET,56.31999969482422
2022-10-31,NOW,84.14800262451172
2022-10-31,SNOW,160.3000030517578
2022-10-31,SPY,367.5997619628906
2022-10-31,VEEV,167.94000244140625
2022-10-31,WDAY,155.82000732421875
2022-10-31,ZS,154.10000610351562
2022-11-30,ADBE,344.92999267578125
2022-11-30,CRM,157.52474975585938
2022-11-30,CRWD,29.412500381469727
2022-11-30,DDOG,75.77999877929688
2022-11-30,HUBS,303.0299987792969
2022-11-30,MDB,152.69000244140625
2022-11-30,NET,49.13999938964844
2022-11-30,NOW,83.26000213623047
2022-11-30,SNOW,142.89999389648438
2022-11-30,SPY,388.03521728515625
2022-11-30,VEEV,190.36000061035156
2022-11-30,WDAY,167.89999389648438
2022-11-30,ZS,133.4499969482422
2022-12-31,ADBE,336.5299987792969
2022-12-31,CRM,130.3351287841797
2022-12-31,CRWD,26.322500228881836
2022-12-31,DDOG,73.5
2022-12-31,HUBS,289.1300048828125
2022-12-31,MDB,196.83999633789062
2022-12-31,NET,45.209999084472656
2022-12-31,NOW,77.65399932861328
2022-12-31,SNOW,143.5399932861328
2022-12-31,SPY,365.67340087890625
2022-12-31,VEEV,161.3800048828125
2022-12-31,WDAY,167.3300018310547
2022-12-31,ZS,111.9000015258789
2023-01-31,ADBE,370.3399963378906
2023-01-31,CRM,165.1134490966797
2023-01-31,CRWD,26.475000381469727
2023-01-31,DDOG,74.80999755859375
2023-01-31,HUBS,347.010009765625
2023-01-31,MDB,214.2100067138672
2023-01-31,NET,52.90999984741211
2023-01-31,NOW,91.0260009765625
2023-01-31,SNOW,156.44000244140625
2023-01-31,SPY,388.669677734375
2023-01-31,VEEV,170.5500030517578
2023-01-31,WDAY,181.42999267578125
2023-01-31,ZS,124.16000366210938
2023-02-28,ADBE,323.95001220703125
2023-02-28,CRM,160.82760620117188
2023-02-28,CRWD,30.172500610351562
2023-02-28,DDOG,76.5199966430664
2023-02-28,HUBS,386.8599853515625
2023-02-28,MDB,209.52000427246094
2023-02-28,NET,60.0099983215332
2023-02-28,NOW,86.43399810791016
2023-02-28,SNOW,154.3800048828125
2023-02-28,SPY,378.8974914550781
2023-02-28,VEEV,165.66000366210938
2023-02-28,WDAY,185.47000122070312
2023-02-28,ZS,131.14999389648438
2023-03-31,ADBE,385.3699951171875
2023-03-31,CRM,196.38247680664062
2023-03-31,CRWD,34.314998626708984
2023-03-31,DDOG,72.66000366210938
2023-03-31,HUBS,428.75
2023-03-31,MDB,233.1199951171875
2023-03-31,NET,61.65999984741211
2023-03-31,NOW,92.94400024414062
2023-03-31,SNOW,154.2899932861328
2023-03-31,SPY,392.9461364746094
2023-03-31,VEEV,183.7899932861328
2023-03-31,WDAY,206.5399932861328
2023-03-31,ZS,116.83000183105469
2023-04-30,ADBE,377.55999755859375
2023-04-30,CRM,194.9964599609375
2023-04-30,CRWD,30.012500762939453
2023-04-30,DDOG,67.37999725341797
2023-04-30,HUBS,420.95001220703125
2023-04-30,MDB,239.9600067138672
2023-04-30,NET,47.04999923706055
2023-04-30,NOW,91.88400268554688
2023-04-30,SNOW,148.0800018310547
2023-04-30,SPY,399.2234191894531
2023-04-30,VEEV,179.0800018310547
2023-04-30,WDAY,186.13999938964844
2023-04-30,ZS,90.0999984741211
2023-05-31,ADBE,417.7900085449219
2023-05-31,CRM,219.5811309814453
2023-05-31,CRWD,40.032501220703125
2023-05-31,DDOG,94.91000366210938
2023-05-31,HUBS,517.989990234375
2023-05-31,MDB,293.7900085449219
2023-05-31,NET,69.16000366210938
2023-05-31,NOW,108.95600128173828
2023-05-31,SNOW,165.36000061035156
2023-05-31,SPY,401.0663146972656
2023-05-31,VEEV,165.6999969482422
2023-05-31,WDAY,211.99000549316406
2023-05-31,ZS,135.47999572753906
2023-06-30,ADBE,488.989990234375
2023-06-30,CRM,207.667236328125
2023-06-30,CRWD,36.717498779296875
2023-06-30,DDOG,98.37999725341797
2023-06-30,HUBS,532.0900268554688
2023-06-30,MDB,410.989990234375
2023-06-30,NET,65.37000274658203
2023-06-30,NOW,112.39399719238281
2023-06-30,SNOW,175.97999572753906
2023-06-30,SPY,427.0552978515625
2023-06-30,VEEV,197.72999572753906
2023-06-30,WDAY,225.88999938964844
2023-06-30,ZS,146.3000030517578
2023-07-31,ADBE,546.1699829101562
2023-07-31,CRM,221.18341064453125
2023-07-31,CRWD,40.415000915527344
2023-07-31,DDOG,116.72000122070312
2023-07-31,HUBS,580.5499877929688
2023-07-31,MDB,423.3999938964844
2023-07-31,NET,68.7699966430664
2023-07-31,NOW,116.5999984741211
2023-07-31,SNOW,177.7100067138672
2023-07-31,SPY,441.03424072265625
2023-07-31,VEEV,204.22000122070312
2023-07-31,WDAY,237.1300048828125
2023-07-31,ZS,160.3800048828125
2023-08-31,ADBE,559.3400268554688
2023-08-31,CRM,217.6938018798828
2023-08-31,CRWD,40.75749969482422
2023-08-31,DDOG,96.4800033569336
2023-08-31,HUBS,546.52001953125
2023-08-31,MDB,381.29998779296875
2023-08-31,NET,65.02999877929688
2023-08-31,NOW,117.76599884033203
2023-08-31,SNOW,156.85000610351562
2023-08-31,SPY,433.8666076660156
2023-08-31,VEEV,208.6999969482422
2023-08-31,WDAY,244.5
2023-08-31,ZS,156.0500030517578
2023-09-30,ADBE,509.8999938964844
2023-09-30,CRM,199.3314666748047
2023-09-30,CRWD,41.845001220703125
2023-09-30,DDOG,91.08999633789062
2023-09-30,HUBS,492.5
2023-09-30,MDB,345.8599853515625
2023-09-30,NET,63.040000915527344
2023-09-30,NOW,111.79199981689453
2023-09-30,SNOW,152.77000427246094
2023-09-30,SPY,413.2863464355469
2023-09-30,VEEV,203.4499969482422
2023-09-30,WDAY,214.85000610351562
2023-09-30,ZS,155.58999633789062
2023-10-31,ADBE,532.0599975585938
2023-10-31,CRM,197.4146270751953
2023-10-31,CRWD,44.192501068115234
2023-10-31,DDOG,81.47000122070312
2023-10-31,HUBS,423.7699890136719
2023-10-31,MDB,344.5899963378906
2023-10-31,NET,56.689998626708984
2023-10-31,NOW,116.37000274658203
2023-10-31,SNOW,145.1300048828125
2023-10-31,SPY,404.3144226074219
2023-10-31,VEEV,192.7100067138672
2023-10-31,WDAY,211.7100067138672
2023-10-31,ZS,158.69000244140625
2023-11-30,ADBE,611.010009765625
2023-11-30,CRM,247.61611938476562
2023-11-30,CRWD,59.247501373291016
2023-11-30,DDOG,116.56999969482422
2023-11-30,HUBS,493.92999267578125
2023-11-30,MDB,415.739990234375
2023-11-30,NET,77.1500015258789
2023-11-30,NOW,137.1479949951172
2023-11-30,SNOW,187.67999267578125
2023-11-30,SPY,441.24609375
2023-11-30,VEEV,174.30999755859375
2023-11-30,WDAY,270.7200012207031
2023-11-30,ZS,197.52999877929688
2023-12-31,ADBE,596.5999755859375
2023-12-31,CRM,258.66497802734375
2023-12-31,CRWD,63.83000183105469
2023-12-31,DDOG,121.37999725341797
2023-12-31,HUBS,580.5399780273438
2023-12-31,MDB,408.8500061035156
2023-12-31,NET,83.26000213623047
2023-12-31,NOW,141.29800415039062
2023-12-31,SNOW,199.0
2023-12-31,SPY,461.3912658691406
2023-12-31,VEEV,192.52000427246094
2023-12-31,WDAY,276.05999755859375
2023-12-31,ZS,221.55999755859375
2024-01-31,ADBE,617.780029296875
2024-01-31,CRM,276.3096618652344
2024-01-31,CRWD,73.125
2024-01-31,DDOG,124.44000244140625
2024-01-31,HUBS,611.0
2024-01-31,MDB,400.5199890136719
2024-01-31,NET,79.05000305175781
2024-01-31,NOW,153.0800018310547
2024-01-31,SNOW,195.63999938964844
2024-01-31,SPY,468.7396240234375
2024-01-31,VEEV,207.41000366210938
2024-01-31,WDAY,291.07000732421875
2024-01-31,ZS,235.6699981689453
2024-02-29,ADBE,560.280029296875
2024-02-29,CRM,303.5680847167969
2024-02-29,CRWD,81.0374984741211
2024-02-29,DDOG,131.4600067138672
2024-02-29,HUBS,618.8099975585938
2024-02-29,MDB,447.5799865722656
2024-02-29,NET,98.54000091552734
2024-02-29,NOW,154.26800537109375
2024-02-29,SNOW,188.27999877929688
2024-02-29,SPY,493.2016906738281
2024-02-29,VEEV,225.50999450683594
2024-02-29,WDAY,294.6600036621094
2024-02-29,ZS,241.97000122070312
2024-03-31,ADBE,504.6000061035156
2024-03-31,CRM,296.4447937011719
2024-03-31,CRWD,80.14749908447266
2024-03-31,DDOG,123.5999984741211
2024-03-31,HUBS,626.5599975585938
2024-03-31,MDB,358.6400146484375
2024-03-31,NET,96.83000183105469
2024-03-31,NOW,152.47999572753906
2024-03-31,SNOW,161.60000610351562
2024-03-31,SPY,509.3302917480469
2024-03-31,VEEV,231.69000244140625
2024-03-31,WDAY,272.75
2024-03-31,ZS,192.6300048828125
2024-04-30,ADBE,462.8299865722656
2024-04-30,CRM,264.711669921875
2024-04-30,CRWD,73.13500213623047
2024-04-30,DDOG,125.5
2024-04-30,HUBS,604.8699951171875
2024-04-30,MDB,365.17999267578125
2024-04-30,NET,87.4000015258789
2024-04-30,NOW,138.66600036621094
2024-04-30,SNOW,155.1999969482422
2024-04-30,SPY,488.79437255859375
2024-04-30,VEEV,198.55999755859375
2024-04-30,WDAY,244.72999572753906
2024-04-30,ZS,172.94000244140625
2024-05-31,ADBE,444.760009765625
2024-05-31,CRM,230.75408935546875
2024-05-31,CRWD,78.4175033569336
2024-05-31,DDOG,110.18000030517578
2024-05-31,HUBS,611.0499877929688
2024-05-31,MDB,236.05999755859375
2024-05-31,NET,67.69000244140625
2024-05-31,NOW,131.38600158691406
2024-05-31,SNOW,136.17999267578125
2024-05-31,SPY,513.5174560546875
2024-05-31,VEEV,174.25
2024-05-31,WDAY,211.4499969482422
2024-05-31,ZS,169.9600067138672
2024-06-30,ADBE,555.5399780273438
2024-06-30,CRM,253.05783081054688
2024-06-30,CRWD,95.79750061035156
2024-06-30,DDOG,129.69000244140625
2024-06-30,HUBS,589.7899780273438
2024-06-30,MDB,249.9600067138672
2024-06-30,NET,82.83000183105469
2024-06-30,NOW,157.33399963378906
2024-06-30,SNOW,135.08999633789062
2024-06-30,SPY,531.6343383789062
2024-06-30,VEEV,183.00999450683594
2024-06-30,WDAY,223.55999755859375
2024-06-30,ZS,192.19000244140625
2024-07-31,ADBE,551.6500244140625
2024-07-31,CRM,255.12762451171875
2024-07-31,CRWD,57.9900016784668
2024-07-31,DDOG,116.44000244140625
2024-07-31,HUBS,497.0299987792969
2024-07-31,MDB,252.36000061035156
2024-07-31,NET,77.5
2024-07-31,NOW,162.8780059814453
2024-07-31,SNOW,130.3800048828125
2024-07-31,SPY,538.0719604492188
2024-07-31,VEEV,191.92999267578125
2024-07-31,WDAY,227.1199951171875
2024-07-31,ZS,179.35000610351562
2024-08-31,ADBE,574.4099731445312
2024-08-31,CRM,249.31130981445312
2024-08-31,CRWD,69.31999969482422
2024-08-31,DDOG,116.26000213623047
2024-08-31,HUBS,499.07000732421875
2024-08-31,MDB,290.7900085449219
2024-08-31,NET,82.13999938964844
2024-08-31,NOW,171.0
2024-08-31,SNOW,114.2300033569336
2024-08-31,SPY,550.6444091796875
2024-08-31,VEEV,216.44000244140625
2024-08-31,WDAY,263.19000244140625
2024-08-31,ZS,199.97999572753906
2024-09-30,ADBE,517.780029296875
2024-09-30,CRM,270.2496337890625
2024-09-30,CRWD,70.11750030517578
2024-09-30,DDOG,115.05999755859375
2024-09-30,HUBS,531.5999755859375
2024-09-30,MDB,270.3500061035156
2024-09-30,NET,80.88999938964844
2024-09-30,NOW,178.8780059814453
2024-09-30,SNOW,114.86000061035156
2024-09-30,SPY,562.21044921875
2024-09-30,VEEV,209.8699951171875
2024-09-30,WDAY,244.41000366210938
2024-09-30,ZS,170.94000244140625
2024-10-31,ADBE,478.0799865722656
2024-10-31,CRM,287.68634033203125
2024-10-31,CRWD,74.21749877929688
2024-10-31,DDOG,125.44000244140625
2024-10-31,HUBS,554.7899780273438
2024-10-31,MDB,270.3999938964844
2024-10-31,NET,87.70999908447266
2024-10-31,NOW,186.59800720214844
2024-10-31,SNOW,114.81999969482422
2024-10-31,SPY,557.1935424804688
2024-10-31,VEEV,208.8300018310547
2024-10-31,WDAY,233.85000610351562
2024-10-31,ZS,180.7899932861328
2024-11-30,ADBE,515.9299926757812
2024-11-30,CRM,325.818115234375
2024-11-30,CRWD,86.49250030517578
2024-11-30,DDOG,152.75
2024-11-30,HUBS,721.0499877929688
2024-11-30,MDB,322.489990234375
2024-11-30,NET,99.83000183105469
2024-11-30,NOW,209.88800048828125
2024-11-30,SNOW,174.8000030517578
2024-11-30,SPY,590.4209594726562
2024-11-30,VEEV,227.85000610351562
2024-11-30,WDAY,249.99000549316406
2024-11-30,ZS,206.58999633789062
2024-12-31,ADBE,444.67999267578125
2024-12-31,CRM,330.4798583984375
2024-12-31,CRWD,85.54000091552734
2024-12-31,DDOG,142.88999938964844
2024-12-31,HUBS,696.77001953125
2024-12-31,MDB,232.80999755859375
2024-12-31,NET,107.68000030517578
2024-12-31,NOW,212.0240020751953
2024-12-31,SNOW,154.41000366210938
2024-12-31,SPY,576.2153930664062
2024-12-31,VEEV,210.25
2024-12-31,WDAY,258.0299987792969
2024-12-31,ZS,180.41000366210938
2025-01-31,ADBE,437.45001220703125
2025-01-31,CRM,337.7650146484375
2025-01-31,CRWD,99.51750183105469
2025-01-31,DDOG,142.7100067138672
2025-01-31,HUBS,779.530029296875
2025-01-31,MDB,273.32000732421875
2025-01-31,NET,138.39999389648438
2025-01-31,NOW,203.67599487304688
2025-01-31,SNOW,181.50999450683594
2025-01-31,SPY,591.6903076171875
2025-01-31,VEEV,233.25999450683594
2025-01-31,WDAY,262.05999755859375
2025-01-31,ZS,202.58999633789062
2025-02-28,ADBE,438.55999755859375
2025-02-28,CRM,294.4200744628906
2025-02-28,CRWD,97.41500091552734
2025-02-28,DDOG,116.55000305175781
2025-02-28,HUBS,723.989990234375
2025-02-28,MDB,267.42999267578125
2025-02-28,NET,145.3000030517578
2025-02-28,NOW,185.95199584960938
2025-02-28,SNOW,177.10000610351562
2025-02-28,SPY,584.178955078125
2025-02-28,VEEV,224.13999938964844
2025-02-28,WDAY,263.3399963378906
2025-02-28,ZS,196.22999572753906
2025-03-31,ADBE,383.5299987792969
2025-03-31,CRM,265.2695617675781
2025-03-31,CRWD,88.1449966430664
2025-03-31,DDOG,99.20999908447266
2025-03-31,HUBS,571.2899780273438
2025-03-31,MDB,175.39999389648438
2025-03-31,NET,112.69000244140625
2025-03-31,NOW,159.22799682617188
2025-03-31,SNOW,146.16000366210938
2025-03-31,SPY,551.62890625
2025-03-31,VEEV,231.6300048828125
2025-03-31,WDAY,233.52999877929688
2025-03-31,ZS,198.4199981689453
2025-04-30,ADBE,374.9800109863281
2025-04-30,CRM,266.032958984375
2025-04-30,CRWD,107.21749877929688
2025-04-30,DDOG,102.16000366210938
2025-04-30,HUBS,611.5
2025-04-30,MDB,172.1699981689453
2025-04-30,NET,120.77999877929688
2025-04-30,NOW,191.0019989013672
2025-04-30,SNOW,159.49000549316406
2025-04-30,SPY,546.8462524414062
2025-04-30,VEEV,233.69000244140625
2025-04-30,WDAY,245.0
2025-04-30,ZS,226.1699981689453
2025-05-31,ADBE,415.0899963378906
2025-05-31,CRM,262.7261962890625
2025-05-31,CRWD,117.84249877929688
2025-05-31,DDOG,117.87999725341797
2025-05-31,HUBS,589.9000244140625
2025-05-31,MDB,188.8300018310547
2025-05-31,NET,165.88999938964844
2025-05-31,NOW,202.21800231933594
2025-05-31,SNOW,205.6699981689453
2025-05-31,SPY,581.2127075195312
2025-05-31,VEEV,279.70001220703125
2025-05-31,WDAY,247.7100067138672
2025-05-31,ZS,275.70001220703125
2025-06-30,ADBE,386.8800048828125
2025-06-30,CRM,270.4013671875
2025-06-30,CRWD,127.32749938964844
2025-06-30,DDOG,134.3300018310547
2025-06-30,HUBS,556.6300048828125
2025-06-30,MDB,209.99000549316406
2025-06-30,NET,195.8300018310547
2025-06-30,NOW,205.61599731445312
2025-06-30,SNOW,223.77000427246094
2025-06-30,SPY,611.0790405273438
2025-06-30,VEEV,287.9800109863281
2025-06-30,WDAY,240.0
2025-06-30,ZS,313.94000244140625
2025-07-31,ADBE,357.69000244140625
2025-07-31,CRM,256.161865234375
2025-07-31,CRWD,113.64250183105469
2025-07-31,DDOG,139.97999572753906
2025-07-31,HUBS,519.6500244140625
2025-07-31,MDB,237.88999938964844
2025-07-31,NET,207.67999267578125
2025-07-31,NOW,188.62399291992188
2025-07-31,SNOW,223.5
2025-07-31,SPY,625.153076171875
2025-07-31,VEEV,284.20001220703125
2025-07-31,WDAY,229.3800048828125
2025-07-31,ZS,285.55999755859375
2025-08-31,ADBE,356.70001220703125
2025-08-31,CRM,254.099365234375
2025-08-31,CRWD,105.92500305175781
2025-08-31,DDOG,136.67999267578125
2025-08-31,HUBS,483.1700134277344
2025-08-31,MDB,315.6099853515625
2025-08-31,NET,208.7100067138672
2025-08-31,NOW,183.49200439453125
2025-08-31,SNOW,238.66000366210938
2025-08-31,SPY,637.9810180664062
2025-08-31,VEEV,269.20001220703125
2025-08-31,WDAY,230.82000732421875
2025-08-31,ZS,277.04998779296875
2025-09-30,ADBE,352.75
2025-09-30,CRM,235.42015075683594
2025-09-30,CRWD,122.59500122070312
2025-09-30,DDOG,142.39999389648438
2025-09-30,HUBS,467.79998779296875
2025-09-30,MDB,310.3800048828125
2025-09-30,NET,214.58999633789062
2025-09-30,NOW,184.05599975585938
2025-09-30,SNOW,225.5500030517578
2025-09-30,SPY,660.7060546875
2025-09-30,VEEV,297.9100036621094
2025-09-30,WDAY,240.72999572753906
2025-09-30,ZS,299.6600036621094
2025-10-31,ADBE,340.30999755859375
2025-10-31,CRM,258.6741027832031
2025-10-31,CRWD,135.75250244140625
2025-10-31,DDOG,162.80999755859375
2025-10-31,HUBS,491.9200134277344
2025-10-31,MDB,359.82000732421875
2025-10-31,NET,253.3000030517578
2025-10-31,NOW,183.8560028076172
2025-10-31,SNOW,274.8800048828125
2025-10-31,SPY,676.4556884765625
2025-10-31,VEEV,291.20001220703125
2025-10-31,WDAY,239.9199981689453
2025-10-31,ZS,331.1400146484375
2025-11-30,ADBE,320.1300048828125
2025-11-30,CRM,229.00320434570312
2025-11-30,CRWD,127.29000091552734
2025-11-30,DDOG,160.00999450683594
2025-11-30,HUBS,367.32000732421875
2025-11-30,MDB,332.3699951171875
2025-11-30,NET,200.2100067138672
2025-11-30,NOW,162.48199462890625
2025-11-30,SNOW,251.24000549316406
2025-11-30,SPY,677.7747192382812
2025-11-30,VEEV,240.2899932861328
2025-11-30,WDAY,215.6199951171875
2025-11-30,ZS,251.5
2025-12-31,ADBE,349.989990234375
2025-12-31,CRM,263.56884765625
2025-12-31,CRWD,117.19000244140625
2025-12-31,DDOG,135.99000549316406
2025-12-31,HUBS,401.29998779296875
2025-12-31,MDB,419.69000244140625
2025-12-31,NET,197.14999389648438
2025-12-31,NOW,153.19000244140625
2025-12-31,SNOW,219.36000061035156
2025-12-31,SPY,678.3152465820312
2025-12-31,VEEV,223.22999572753906
2025-12-31,WDAY,214.77999877929688
2025-12-31,ZS,224.9199981689453
2026-01-31,ADBE,293.25
2026-01-31,CRM,211.21524047851562
2026-01-31,CRWD,110.35124969482422
2026-01-31,DDOG,129.32000732421875
2026-01-31,HUBS,280.0
2026-01-31,MDB,371.3299865722656
2026-01-31,NET,177.35000610351562
2026-01-31,NOW,117.01000213623047
2026-01-31,SNOW,192.6999969482422
2026-01-31,SPY,688.3121337890625
2026-01-31,VEEV,203.9199981689453
2026-01-31,WDAY,175.6300048828125
2026-01-31,ZS,200.00999450683594
2026-02-28,ADBE,262.4100036621094
2026-02-28,CRM,193.80384826660156
2026-02-28,CRWD,92.99500274658203
2026-02-28,DDOG,111.95999908447266
2026-02-28,HUBS,264.510009765625
2026-02-28,MDB,328.4700012207031
2026-02-28,NET,172.19000244140625
2026-02-28,NOW,108.01000213623047
2026-02-28,SNOW,168.41000366210938
2026-02-28,SPY,682.3637084960938
2026-02-28,VEEV,182.00999450683594
2026-02-28,WDAY,133.75999450683594
2026-02-28,ZS,146.99000549316406
2026-03-31,ADBE,243.0800018310547
2026-03-31,CRM,185.72496032714844
2026-03-31,CRWD,97.60250091552734
2026-03-31,DDOG,118.05000305175781
2026-03-31,HUBS,244.10000610351562
2026-03-31,MDB,244.77000427246094
2026-03-31,NET,206.33999633789062
2026-03-31,NOW,104.55000305175781
2026-03-31,SNOW,150.82000732421875
2026-03-31,SPY,648.6688842773438
2026-03-31,VEEV,175.66000366210938
2026-03-31,WDAY,129.9199981689453
2026-03-31,ZS,140.2899932861328
2026-04-30,ADBE,246.10000610351562
2026-04-30,CRM,176.07554626464844
2026-04-30,CRWD,111.4375
2026-04-30,DDOG,132.19000244140625
2026-04-30,HUBS,221.75999450683594
2026-04-30,MDB,250.8300018310547
2026-04-30,NET,204.97000122070312
2026-04-30,NOW,88.30999755859375
2026-04-30,SNOW,136.47000122070312
2026-04-30,SPY,716.8132934570312
2026-04-30,VEEV,155.97000122070312
2026-04-30,WDAY,122.4000015258789
2026-04-30,ZS,130.67999267578125
2026-05-31,ADBE,259.2099914550781
2026-05-31,CRM,190.60804748535156
2026-05-31,CRWD,182.75
2026-05-31,DDOG,247.35000610351562
2026-05-31,HUBS,220.6300048828125
2026-05-31,MDB,335.54998779296875
2026-05-31,NET,241.82000732421875
2026-05-31,NOW,124.37000274658203
2026-05-31,SNOW,255.5500030517578
2026-05-31,SPY,754.5361328125
2026-05-31,VEEV,174.33999633789062
2026-05-31,WDAY,146.19000244140625
2026-05-31,ZS,139.72999572753906
2026-06-30,ADBE,205.02000427246094
2026-06-30,CRM,156.66000366210938
2026-06-30,CRWD,190.78500366210938
2026-06-30,DDOG,260.3599853515625
2026-06-30,HUBS,182.50999450683594
2026-06-30,MDB,335.8999938964844
2026-06-30,NET,245.27999877929688
2026-06-30,NOW,99.27999877929688
2026-06-30,SNOW,254.5
2026-06-30,SPY,746.77001953125
2026-06-30,VEEV,177.47000122070312
2026-06-30,WDAY,122.41999816894531
2026-06-30,ZS,141.14999389648438
2026-07-31,ADBE,250.41000366210938
2026-07-31,CRM,184.02000427246094
2026-07-31,CRWD,190.86000061035156
2026-07-31,DDOG,267.9700012207031
2026-07-31,HUBS,237.36000061035156
2026-07-31,MDB,337.4800109863281
2026-07-31,NET,278.9800109863281
2026-07-31,NOW,111.2300033569336
2026-07-31,SNOW,293.2799987792969
2026-07-31,SPY,747.030029296875
2026-07-31,VEEV,203.77999877929688
2026-07-31,WDAY,160.33999633789062
2026-07-31,ZS,151.1999969482422
2026-08-31,ADBE,292.7900085449219
2026-08-31,CRM,257.5400085449219
2026-08-31,CRWD,231.0
2026-08-31,DDOG,237.0399932861328
2026-08-31,HUBS,261.3599853515625
2026-08-31,MDB,453.3699951171875
2026-08-31,NET,305.1099853515625
2026-08-31,NOW,147.99000549316406
2026-08-31,SNOW,331.42999267578125
2026-08-31,SPY,767.0499877929688
2026-08-31,VEEV,285.69000244140625
2026-08-31,WDAY,197.4499969482422
2026-08-31,ZS,188.38499450683594
